video_id,dataset,gt_label,predicted_label,binary_status,success_failure,binary_label,pred_binary,anomaly_score,anomaly_score_recomputed,binary_confidence,class_confidence,num_segments,feature_path,embedding_dim,tsne_x,tsne_y
Explosion011_x264,ucf_crime,explosion,normal,FN,failure,1,0,0.017379794269800186,0.017379794269800186,0.9826202057301998,0.9826202057301998,98,data/ucf_crime/features/i3d_kinetics400_16f/test/Explosion011_x264.npz,512,-17.34455108642578,9.590802192687988
Robbery050_x264,ucf_crime,robbery,normal,FN,failure,1,0,0.08608945459127426,0.08608945459127426,0.9139105454087257,0.9139105454087257,106,data/ucf_crime/features/i3d_kinetics400_16f/test/Robbery050_x264.npz,512,-0.7189147472381592,-2.963979482650757
Abuse030_x264,ucf_crime,abuse,normal,FN,failure,1,0,0.15821613371372223,0.15821613371372223,0.8417838662862778,0.8417838662862778,96,data/ucf_crime/features/i3d_kinetics400_16f/test/Abuse030_x264.npz,512,-11.391789436340332,11.533674240112305
Shooting047_x264,ucf_crime,shooting,normal,FN,failure,1,0,0.07345981150865555,0.07345981150865555,0.9265401884913445,0.9265401884913445,517,data/ucf_crime/features/i3d_kinetics400_16f/test/Shooting047_x264.npz,512,-10.82868766784668,1.498089075088501
Explosion016_x264,ucf_crime,explosion,normal,FN,failure,1,0,3.1657547694408095e-09,3.1657547694408095e-09,0.9999999968342452,0.9999999968342452,60,data/ucf_crime/features/i3d_kinetics400_16f/test/Explosion016_x264.npz,512,16.11978530883789,-10.825291633605957
Robbery106_x264,ucf_crime,robbery,normal,FN,failure,1,0,0.5461422801017761,0.5461422801017761,0.4538577198982239,0.4538577198982239,74,data/ucf_crime/features/i3d_kinetics400_16f/test/Robbery106_x264.npz,512,-0.40013206005096436,-5.013273239135742
Abuse028_x264,ucf_crime,abuse,normal,FN,failure,1,0,1.1185552040160474e-07,1.1185552040160474e-07,0.9999998881444796,0.9999998881444796,88,data/ucf_crime/features/i3d_kinetics400_16f/test/Abuse028_x264.npz,512,21.16416358947754,-8.413653373718262
Shooting008_x264,ucf_crime,shooting,normal,FN,failure,1,0,0.34960636496543884,0.34960636496543884,0.6503936350345612,0.6503936350345612,101,data/ucf_crime/features/i3d_kinetics400_16f/test/Shooting008_x264.npz,512,-6.050806045532227,5.134480953216553
Explosion010_x264,ucf_crime,explosion,normal,FN,failure,1,0,0.4890771806240082,0.4890771806240082,0.5109228193759918,0.5109228193759918,156,data/ucf_crime/features/i3d_kinetics400_16f/test/Explosion010_x264.npz,512,-9.278970718383789,-9.92524242401123
Shooting048_x264,ucf_crime,shooting,normal,FN,failure,1,0,0.10110539942979813,0.10110539942979813,0.8988946005702019,0.8988946005702019,171,data/ucf_crime/features/i3d_kinetics400_16f/test/Shooting048_x264.npz,512,1.1652064323425293,-1.2764123678207397
Explosion025_x264,ucf_crime,explosion,normal,FN,failure,1,0,0.23120731115341187,0.23120731115341187,0.7687926888465881,0.7687926888465881,31,data/ucf_crime/features/i3d_kinetics400_16f/test/Explosion025_x264.npz,512,-8.148655891418457,-9.682219505310059
Shooting022_x264,ucf_crime,shooting,normal,FN,failure,1,0,0.09385499358177185,0.09385499358177185,0.9061450064182281,0.9061450064182281,284,data/ucf_crime/features/i3d_kinetics400_16f/test/Shooting022_x264.npz,512,-1.007045865058899,3.226541757583618
Shooting034_x264,ucf_crime,shooting,normal,FN,failure,1,0,0.2585891783237457,0.2585891783237457,0.7414108216762543,0.7414108216762543,88,data/ucf_crime/features/i3d_kinetics400_16f/test/Shooting034_x264.npz,512,-12.488609313964844,10.805412292480469
Shooting024_x264,ucf_crime,shooting,normal,FN,failure,1,0,0.25312694907188416,0.25312694907188416,0.7468730509281158,0.7468730509281158,125,data/ucf_crime/features/i3d_kinetics400_16f/test/Shooting024_x264.npz,512,-12.161478042602539,12.904500007629395
Shooting010_x264,ucf_crime,shooting,normal,FN,failure,1,0,0.095279261469841,0.095279261469841,0.904720738530159,0.904720738530159,165,data/ucf_crime/features/i3d_kinetics400_16f/test/Shooting010_x264.npz,512,-12.542016983032227,12.302985191345215
Fighting018_x264,ucf_crime,fighting,normal,TP,success,1,1,0.9600276947021484,0.9600276947021484,0.9600276947021484,0.03997230529785156,86,data/ucf_crime/features/i3d_kinetics400_16f/test/Fighting018_x264.npz,512,-3.286949872970581,-1.3406685590744019
Shooting018_x264,ucf_crime,shooting,normal,TP,success,1,1,0.8194986581802368,0.8194986581802368,0.8194986581802368,0.18050134181976318,112,data/ucf_crime/features/i3d_kinetics400_16f/test/Shooting018_x264.npz,512,-6.900269031524658,5.766817092895508
Robbery102_x264,ucf_crime,robbery,normal,TP,success,1,1,0.6746054887771606,0.6746054887771606,0.6746054887771606,0.32539451122283936,114,data/ucf_crime/features/i3d_kinetics400_16f/test/Robbery102_x264.npz,512,-10.539050102233887,0.31412604451179504
Explosion013_x264,ucf_crime,explosion,normal,TP,success,1,1,0.9124243259429932,0.9124243259429932,0.9124243259429932,0.08757567405700684,207,data/ucf_crime/features/i3d_kinetics400_16f/test/Explosion013_x264.npz,512,-11.175008773803711,2.341611385345459
Fighting047_x264,ucf_crime,fighting,fighting,TP,success,1,1,0.9654824137687683,0.9654824137687683,0.9654824137687683,0.789862334728241,278,data/ucf_crime/features/i3d_kinetics400_16f/test/Fighting047_x264.npz,512,-15.288393020629883,4.786322593688965
Shooting032_x264,ucf_crime,shooting,fighting,TP,success,1,1,0.6922457218170166,0.6922457218170166,0.6922457218170166,0.4460488259792328,1355,data/ucf_crime/features/i3d_kinetics400_16f/test/Shooting032_x264.npz,512,-10.356081008911133,-0.011284468695521355
Robbery048_x264,ucf_crime,robbery,normal,TP,success,1,1,0.7930243015289307,0.7930243015289307,0.7930243015289307,0.20697569847106934,88,data/ucf_crime/features/i3d_kinetics400_16f/test/Robbery048_x264.npz,512,-8.034664154052734,7.471321105957031
Explosion020_x264,ucf_crime,explosion,fighting,TP,success,1,1,0.9998105764389038,0.9998105764389038,0.9998105764389038,0.9121500849723816,80,data/ucf_crime/features/i3d_kinetics400_16f/test/Explosion020_x264.npz,512,-18.107501983642578,-2.307422399520874
Fighting033_x264,ucf_crime,fighting,fighting,TP,success,1,1,0.999424934387207,0.999424934387207,0.999424934387207,0.8135848045349121,69,data/ucf_crime/features/i3d_kinetics400_16f/test/Fighting033_x264.npz,512,-21.823043823242188,-1.1453123092651367
Shooting028_x264,ucf_crime,shooting,shooting,TP,success,1,1,0.9999953508377075,0.9999953508377075,0.9999953508377075,0.5809189081192017,118,data/ucf_crime/features/i3d_kinetics400_16f/test/Shooting028_x264.npz,512,-6.526719093322754,-8.282343864440918
Robbery137_x264,ucf_crime,robbery,normal,TP,success,1,1,0.9144994020462036,0.9144994020462036,0.9144994020462036,0.08550059795379639,137,data/ucf_crime/features/i3d_kinetics400_16f/test/Robbery137_x264.npz,512,-7.75269079208374,8.580143928527832
Explosion033_x264,ucf_crime,explosion,explosion,TP,success,1,1,0.7939271330833435,0.7939271330833435,0.7939271330833435,0.8829271793365479,197,data/ucf_crime/features/i3d_kinetics400_16f/test/Explosion033_x264.npz,512,-10.85209846496582,-9.904433250427246
Fighting003_x264,ucf_crime,fighting,robbery,TP,success,1,1,0.9984866380691528,0.9984866380691528,0.9984866380691528,0.6361526250839233,193,data/ucf_crime/features/i3d_kinetics400_16f/test/Fighting003_x264.npz,512,-12.64527702331543,6.721216201782227
Shooting043_x264,ucf_crime,shooting,fighting,TP,success,1,1,0.9931907057762146,0.9931907057762146,0.9931907057762146,0.986193060874939,117,data/ucf_crime/features/i3d_kinetics400_16f/test/Shooting043_x264.npz,512,-15.42414379119873,-5.382441997528076
Explosion017_x264,ucf_crime,explosion,fighting,TP,success,1,1,0.9961203932762146,0.9961203932762146,0.9961203932762146,0.9276279807090759,102,data/ucf_crime/features/i3d_kinetics400_16f/test/Explosion017_x264.npz,512,-19.41254234313965,7.000595569610596
Fighting042_x264,ucf_crime,fighting,robbery,TP,success,1,1,0.9952613115310669,0.9952613115310669,0.9952613115310669,0.9280830025672913,139,data/ucf_crime/features/i3d_kinetics400_16f/test/Fighting042_x264.npz,512,-7.9842000007629395,6.418994426727295
Shooting021_x264,ucf_crime,shooting,shooting,TP,success,1,1,0.9981077909469604,0.9981077909469604,0.9981077909469604,0.42541971802711487,79,data/ucf_crime/features/i3d_kinetics400_16f/test/Shooting021_x264.npz,512,-9.627456665039062,-6.0768141746521
Explosion004_x264,ucf_crime,explosion,fighting,TP,success,1,1,0.9999777674674988,0.9999777674674988,0.9999777674674988,0.6080487370491028,118,data/ucf_crime/features/i3d_kinetics400_16f/test/Explosion004_x264.npz,512,-17.03099822998047,-2.7625162601470947
Shooting046_x264,ucf_crime,shooting,robbery,TP,success,1,1,0.9874563217163086,0.9874563217163086,0.9874563217163086,0.9375494122505188,318,data/ucf_crime/features/i3d_kinetics400_16f/test/Shooting046_x264.npz,512,-11.54978084564209,6.651639938354492
Explosion036_x264,ucf_crime,explosion,abuse,TP,success,1,1,0.9999566674232483,0.9999566674232483,0.9999566674232483,0.985440731048584,332,data/ucf_crime/features/i3d_kinetics400_16f/test/Explosion036_x264.npz,512,-4.554484844207764,-2.9560046195983887
Normal_Videos_886_x264,ucf_crime,normal,normal,FP,failure,0,1,0.5979452729225159,0.5979452729225159,0.5979452729225159,0.40205472707748413,171,data/ucf_crime/features/i3d_kinetics400_16f/test/Normal_Videos_886_x264.npz,512,-11.83922004699707,9.335884094238281
Normal_Videos_606_x264,ucf_crime,normal,normal,FP,failure,0,1,0.9798096418380737,0.9798096418380737,0.9798096418380737,0.02019035816192627,77,data/ucf_crime/features/i3d_kinetics400_16f/test/Normal_Videos_606_x264.npz,512,0.9087969660758972,-3.6058437824249268
Normal_Videos_417_x264,ucf_crime,normal,normal,FP,failure,0,1,0.6993023157119751,0.6993023157119751,0.6993023157119751,0.3006976842880249,67,data/ucf_crime/features/i3d_kinetics400_16f/test/Normal_Videos_417_x264.npz,512,-10.162315368652344,9.964530944824219
Normal_Videos_901_x264,ucf_crime,normal,fighting,FP,failure,0,1,0.9704982042312622,0.9704982042312622,0.9704982042312622,0.6477637887001038,73,data/ucf_crime/features/i3d_kinetics400_16f/test/Normal_Videos_901_x264.npz,512,-14.984537124633789,-4.104154586791992
Normal_Videos_878_x264,ucf_crime,normal,explosion,FP,failure,0,1,0.987628161907196,0.987628161907196,0.987628161907196,0.9535347819328308,16,data/ucf_crime/features/i3d_kinetics400_16f/test/Normal_Videos_878_x264.npz,512,-10.368239402770996,-10.118829727172852
Normal_Videos_885_x264,ucf_crime,normal,normal,FP,failure,0,1,0.9519808292388916,0.9519808292388916,0.9519808292388916,0.0480191707611084,29,data/ucf_crime/features/i3d_kinetics400_16f/test/Normal_Videos_885_x264.npz,512,-20.580469131469727,6.400807857513428
Normal_Videos_888_x264,ucf_crime,normal,normal,FP,failure,0,1,0.744692325592041,0.744692325592041,0.744692325592041,0.255307674407959,35,data/ucf_crime/features/i3d_kinetics400_16f/test/Normal_Videos_888_x264.npz,512,-9.572977066040039,9.537339210510254
Normal_Videos_801_x264,ucf_crime,normal,normal,TN,success,0,0,0.28929752111434937,0.28929752111434937,0.7107024788856506,0.7107024788856506,171,data/ucf_crime/features/i3d_kinetics400_16f/test/Normal_Videos_801_x264.npz,512,-7.189384460449219,8.845423698425293
Normal_Videos_067_x264,ucf_crime,normal,normal,TN,success,0,0,2.1958326215099078e-06,2.1958326215099078e-06,0.9999978041673785,0.9999978041673785,66,data/ucf_crime/features/i3d_kinetics400_16f/test/Normal_Videos_067_x264.npz,512,21.55315399169922,3.8311963081359863
Normal_Videos_696_x264,ucf_crime,normal,normal,TN,success,0,0,0.46749189496040344,0.46749189496040344,0.5325081050395966,0.5325081050395966,226,data/ucf_crime/features/i3d_kinetics400_16f/test/Normal_Videos_696_x264.npz,512,-7.719008445739746,-3.7917745113372803
Normal_Videos_168_x264,ucf_crime,normal,normal,TN,success,0,0,8.994256290861813e-07,8.994256290861813e-07,0.9999991005743709,0.9999991005743709,108,data/ucf_crime/features/i3d_kinetics400_16f/test/Normal_Videos_168_x264.npz,512,22.177711486816406,-10.049367904663086
Normal_Videos_890_x264,ucf_crime,normal,normal,TN,success,0,0,0.08585947006940842,0.08585947006940842,0.9141405299305916,0.9141405299305916,223,data/ucf_crime/features/i3d_kinetics400_16f/test/Normal_Videos_890_x264.npz,512,2.970151901245117,7.586490631103516
Normal_Videos_782_x264,ucf_crime,normal,normal,TN,success,0,0,0.0002561529108788818,0.0002561529108788818,0.9997438470891211,0.9997438470891211,346,data/ucf_crime/features/i3d_kinetics400_16f/test/Normal_Videos_782_x264.npz,512,7.3841938972473145,-3.03413987159729
Normal_Videos_910_x264,ucf_crime,normal,normal,TN,success,0,0,0.0139628229662776,0.0139628229662776,0.9860371770337224,0.9860371770337224,35,data/ucf_crime/features/i3d_kinetics400_16f/test/Normal_Videos_910_x264.npz,512,-0.6497092843055725,-6.722157955169678
Normal_Videos_883_x264,ucf_crime,normal,normal,TN,success,0,0,1.749113631710486e-10,1.749113631710486e-10,0.9999999998250886,0.9999999998250886,20,data/ucf_crime/features/i3d_kinetics400_16f/test/Normal_Videos_883_x264.npz,512,19.665029525756836,-5.907282829284668
Normal_Videos_317_x264,ucf_crime,normal,normal,TN,success,0,0,1.1778215736057973e-08,1.1778215736057973e-08,0.9999999882217843,0.9999999882217843,58,data/ucf_crime/features/i3d_kinetics400_16f/test/Normal_Videos_317_x264.npz,512,12.943842887878418,-5.409430980682373
Normal_Videos_884_x264,ucf_crime,normal,normal,TN,success,0,0,0.17226587235927582,0.17226587235927582,0.8277341276407242,0.8277341276407242,564,data/ucf_crime/features/i3d_kinetics400_16f/test/Normal_Videos_884_x264.npz,512,-11.402032852172852,10.881430625915527
Normal_Videos_880_x264,ucf_crime,normal,normal,TN,success,0,0,6.522313196910545e-05,6.522313196910545e-05,0.9999347768680309,0.9999347768680309,1128,data/ucf_crime/features/i3d_kinetics400_16f/test/Normal_Videos_880_x264.npz,512,14.082310676574707,-9.517090797424316
Normal_Videos_603_x264,ucf_crime,normal,normal,TN,success,0,0,0.0008216464193537831,0.0008216464193537831,0.9991783535806462,0.9991783535806462,204,data/ucf_crime/features/i3d_kinetics400_16f/test/Normal_Videos_603_x264.npz,512,7.604162216186523,-7.72215461730957
Normal_Videos_778_x264,ucf_crime,normal,normal,TN,success,0,0,9.998949584977268e-11,9.998949584977268e-11,0.9999999999000105,0.9999999999000105,78,data/ucf_crime/features/i3d_kinetics400_16f/test/Normal_Videos_778_x264.npz,512,24.355636596679688,-6.8382649421691895
Normal_Videos_059_x264,ucf_crime,normal,normal,TN,success,0,0,0.04500337317585945,0.04500337317585945,0.9549966268241405,0.9549966268241405,114,data/ucf_crime/features/i3d_kinetics400_16f/test/Normal_Videos_059_x264.npz,512,-8.987799644470215,13.095117568969727
Normal_Videos_352_x264,ucf_crime,normal,normal,TN,success,0,0,0.0016672839410603046,0.0016672839410603046,0.9983327160589397,0.9983327160589397,337,data/ucf_crime/features/i3d_kinetics400_16f/test/Normal_Videos_352_x264.npz,512,7.974731922149658,-8.415505409240723
Normal_Videos_710_x264,ucf_crime,normal,normal,TN,success,0,0,0.0006276649073697627,0.0006276649073697627,0.9993723350926302,0.9993723350926302,112,data/ucf_crime/features/i3d_kinetics400_16f/test/Normal_Videos_710_x264.npz,512,-4.377027988433838,9.833473205566406
Normal_Videos_943_x264,ucf_crime,normal,normal,TN,success,0,0,0.09131941199302673,0.09131941199302673,0.9086805880069733,0.9086805880069733,63,data/ucf_crime/features/i3d_kinetics400_16f/test/Normal_Videos_943_x264.npz,512,-2.5219035148620605,1.2929885387420654
Normal_Videos_941_x264,ucf_crime,normal,normal,TN,success,0,0,7.843414806529836e-09,7.843414806529836e-09,0.9999999921565852,0.9999999921565852,126,data/ucf_crime/features/i3d_kinetics400_16f/test/Normal_Videos_941_x264.npz,512,18.035982131958008,-8.629495620727539
Normal_Videos_452_x264,ucf_crime,normal,normal,TN,success,0,0,0.2456580251455307,0.2456580251455307,0.7543419748544693,0.7543419748544693,27,data/ucf_crime/features/i3d_kinetics400_16f/test/Normal_Videos_452_x264.npz,512,-0.16666333377361298,1.4504921436309814
Normal_Videos_246_x264,ucf_crime,normal,normal,TN,success,0,0,0.49974244832992554,0.49974244832992554,0.5002575516700745,0.5002575516700745,312,data/ucf_crime/features/i3d_kinetics400_16f/test/Normal_Videos_246_x264.npz,512,-5.725071907043457,3.3333146572113037
Normal_Videos_912_x264,ucf_crime,normal,normal,TN,success,0,0,3.7944053588034876e-07,3.7944053588034876e-07,0.9999996205594641,0.9999996205594641,46,data/ucf_crime/features/i3d_kinetics400_16f/test/Normal_Videos_912_x264.npz,512,16.074487686157227,-9.742254257202148
Normal_Videos_870_x264,ucf_crime,normal,normal,TN,success,0,0,0.0006416793330572546,0.0006416793330572546,0.9993583206669427,0.9993583206669427,37,data/ucf_crime/features/i3d_kinetics400_16f/test/Normal_Videos_870_x264.npz,512,4.061851501464844,-1.6244038343429565
Normal_Videos_877_x264,ucf_crime,normal,normal,TN,success,0,0,0.1632395088672638,0.1632395088672638,0.8367604911327362,0.8367604911327362,626,data/ucf_crime/features/i3d_kinetics400_16f/test/Normal_Videos_877_x264.npz,512,-0.12723718583583832,-3.7202236652374268
Normal_Videos_938_x264,ucf_crime,normal,normal,TN,success,0,0,0.05020194128155708,0.05020194128155708,0.9497980587184429,0.9497980587184429,301,data/ucf_crime/features/i3d_kinetics400_16f/test/Normal_Videos_938_x264.npz,512,1.0875968933105469,0.05650685727596283
Normal_Videos_189_x264,ucf_crime,normal,normal,TN,success,0,0,4.856596902413912e-08,4.856596902413912e-08,0.999999951434031,0.999999951434031,46,data/ucf_crime/features/i3d_kinetics400_16f/test/Normal_Videos_189_x264.npz,512,19.990009307861328,-3.68965220451355
Normal_Videos_876_x264,ucf_crime,normal,normal,TN,success,0,0,0.0001173982527689077,0.0001173982527689077,0.9998826017472311,0.9998826017472311,21,data/ucf_crime/features/i3d_kinetics400_16f/test/Normal_Videos_876_x264.npz,512,-9.021153450012207,11.085389137268066
Normal_Videos_935_x264,ucf_crime,normal,normal,TN,success,0,0,0.00011621366866165772,0.00011621366866165772,0.9998837863313383,0.9998837863313383,6749,data/ucf_crime/features/i3d_kinetics400_16f/test/Normal_Videos_935_x264.npz,512,6.285364151000977,4.129976272583008
Normal_Videos_900_x264,ucf_crime,normal,normal,TN,success,0,0,0.30052050948143005,0.30052050948143005,0.69947949051857,0.69947949051857,90,data/ucf_crime/features/i3d_kinetics400_16f/test/Normal_Videos_900_x264.npz,512,-0.314231812953949,-4.3127312660217285
Normal_Videos_891_x264,ucf_crime,normal,normal,TN,success,0,0,6.125269180756732e-10,6.125269180756732e-10,0.9999999993874731,0.9999999993874731,112,data/ucf_crime/features/i3d_kinetics400_16f/test/Normal_Videos_891_x264.npz,512,20.056434631347656,-6.07636022567749
Normal_Videos_892_x264,ucf_crime,normal,normal,TN,success,0,0,0.00024464167654514313,0.00024464167654514313,0.9997553583234549,0.9997553583234549,110,data/ucf_crime/features/i3d_kinetics400_16f/test/Normal_Videos_892_x264.npz,512,-10.599344253540039,12.914127349853516
Normal_Videos_024_x264,ucf_crime,normal,normal,TN,success,0,0,3.448680507833757e-10,3.448680507833757e-10,0.999999999655132,0.999999999655132,67,data/ucf_crime/features/i3d_kinetics400_16f/test/Normal_Videos_024_x264.npz,512,20.681211471557617,-6.337000846862793
Normal_Videos_196_x264,ucf_crime,normal,normal,TN,success,0,0,0.3532584309577942,0.3532584309577942,0.6467415690422058,0.6467415690422058,125,data/ucf_crime/features/i3d_kinetics400_16f/test/Normal_Videos_196_x264.npz,512,-9.306415557861328,8.129267692565918
Normal_Videos_898_x264,ucf_crime,normal,normal,TN,success,0,0,5.839000095875235e-06,5.839000095875235e-06,0.9999941609999041,0.9999941609999041,62,data/ucf_crime/features/i3d_kinetics400_16f/test/Normal_Videos_898_x264.npz,512,21.703523635864258,5.330007076263428
Normal_Videos_015_x264,ucf_crime,normal,normal,TN,success,0,0,1.9414876373247125e-09,1.9414876373247125e-09,0.9999999980585124,0.9999999980585124,30,data/ucf_crime/features/i3d_kinetics400_16f/test/Normal_Videos_015_x264.npz,512,20.039140701293945,-7.165928840637207
Normal_Videos_896_x264,ucf_crime,normal,normal,TN,success,0,0,3.7038034861325286e-06,3.7038034861325286e-06,0.9999962961965139,0.9999962961965139,143,data/ucf_crime/features/i3d_kinetics400_16f/test/Normal_Videos_896_x264.npz,512,21.966442108154297,-2.4257583618164062
Normal_Videos_312_x264,ucf_crime,normal,normal,TN,success,0,0,8.845770227416949e-10,8.845770227416949e-10,0.9999999991154229,0.9999999991154229,78,data/ucf_crime/features/i3d_kinetics400_16f/test/Normal_Videos_312_x264.npz,512,23.877180099487305,-4.33325719833374
Normal_Videos_576_x264,ucf_crime,normal,normal,TN,success,0,0,4.961512968293391e-05,4.961512968293391e-05,0.9999503848703171,0.9999503848703171,704,data/ucf_crime/features/i3d_kinetics400_16f/test/Normal_Videos_576_x264.npz,512,8.918871879577637,-9.105791091918945
Normal_Videos_924_x264,ucf_crime,normal,normal,TN,success,0,0,0.0008124435553327203,0.0008124435553327203,0.9991875564446673,0.9991875564446673,6749,data/ucf_crime/features/i3d_kinetics400_16f/test/Normal_Videos_924_x264.npz,512,-1.668057918548584,5.113272666931152
wangted.2008__#0-22-55_0-23-40_label_B2-0-0,xd_violence,shooting,normal,FN,failure,1,0,0.018288157880306244,0.018288157880306244,0.9817118421196938,0.9817118421196938,67,data/xd_violence/features/i3d_kinetics400_16f/test/wangted.2008__#0-22-55_0-23-40_label_B2-0-0.npz,512,-12.50966739654541,-1.8681186437606812
Skyfall.2012__#02-08-44_02-09-17_label_B1-0-0,xd_violence,fighting,normal,FN,failure,1,0,0.09189506620168686,0.09189506620168686,0.9081049337983131,0.9081049337983131,49,data/xd_violence/features/i3d_kinetics400_16f/test/Skyfall.2012__#02-08-44_02-09-17_label_B1-0-0.npz,512,-13.296436309814453,-2.5206050872802734
v=7QOdBpDrmKk__#00-01-00_00-02-45_label_B6-0-0,xd_violence,car_accident,normal,FN,failure,1,0,0.0791078433394432,0.0791078433394432,0.9208921566605568,0.9208921566605568,157,data/xd_violence/features/i3d_kinetics400_16f/test/v=7QOdBpDrmKk__#00-01-00_00-02-45_label_B6-0-0.npz,512,-8.082653045654297,-6.568368911743164
v=MJLylzPRvyw__#1_label_B4-0-0,xd_violence,riot,normal,FN,failure,1,0,0.039792079478502274,0.039792079478502274,0.9602079205214977,0.9602079205214977,224,data/xd_violence/features/i3d_kinetics400_16f/test/v=MJLylzPRvyw__#1_label_B4-0-0.npz,512,-20.09968376159668,8.06596565246582
Sin.City.2005__#01-19-08_01-19-23_label_G-0-0,xd_violence,explosion,normal,FN,failure,1,0,0.2314721792936325,0.2314721792936325,0.7685278207063675,0.7685278207063675,22,data/xd_violence/features/i3d_kinetics400_16f/test/Sin.City.2005__#01-19-08_01-19-23_label_G-0-0.npz,512,-13.431381225585938,-10.354820251464844
Election.2005__#00-47-57_00-50-54_label_B5-0-0,xd_violence,abuse,normal,FN,failure,1,0,0.0001496159384259954,0.0001496159384259954,0.999850384061574,0.999850384061574,265,data/xd_violence/features/i3d_kinetics400_16f/test/Election.2005__#00-47-57_00-50-54_label_B5-0-0.npz,512,-2.507643222808838,5.989006042480469
Tropa.de.Elite.2.2010__#00-46-11_00-46-50_label_B2-0-0,xd_violence,shooting,normal,FN,failure,1,0,0.23772166669368744,0.23772166669368744,0.7622783333063126,0.7622783333063126,58,data/xd_violence/features/i3d_kinetics400_16f/test/Tropa.de.Elite.2.2010__#00-46-11_00-46-50_label_B2-0-0.npz,512,-12.40304183959961,-10.092411994934082
The.Fast.and.the.Furious.2001__#00-52-18_00-53-36_label_B1-0-0,xd_violence,fighting,normal,FN,failure,1,0,0.009283366613090038,0.009283366613090038,0.99071663338691,0.99071663338691,117,data/xd_violence/features/i3d_kinetics400_16f/test/The.Fast.and.the.Furious.2001__#00-52-18_00-53-36_label_B1-0-0.npz,512,-14.224583625793457,1.7389854192733765
v=uBXprlsmd18__#00-06-10_00-07-19_label_B6-0-0,xd_violence,car_accident,normal,FN,failure,1,0,0.33490726351737976,0.33490726351737976,0.6650927364826202,0.6650927364826202,103,data/xd_violence/features/i3d_kinetics400_16f/test/v=uBXprlsmd18__#00-06-10_00-07-19_label_B6-0-0.npz,512,-9.268635749816895,-4.768215179443359
v=Y43UkfAe_bc__#00-00-00_00-01-40_label_B4-0-0,xd_violence,riot,normal,FN,failure,1,0,1.4593249275662856e-08,1.4593249275662856e-08,0.9999999854067507,0.9999999854067507,150,data/xd_violence/features/i3d_kinetics400_16f/test/v=Y43UkfAe_bc__#00-00-00_00-01-40_label_B4-0-0.npz,512,25.16988754272461,1.467677116394043
The.Bourne.Legacy.2012__#0-39-56_0-40-15_label_G-0-0,xd_violence,explosion,normal,FN,failure,1,0,0.0009741713292896748,0.0009741713292896748,0.9990258286707103,0.9990258286707103,28,data/xd_violence/features/i3d_kinetics400_16f/test/The.Bourne.Legacy.2012__#0-39-56_0-40-15_label_G-0-0.npz,512,-5.756155014038086,-1.7194911241531372
Taken.2.UNRATED.EXTENDED.2012__#00-13-42_00-14-16_label_B5-0-0,xd_violence,abuse,normal,FN,failure,1,0,0.10054631531238556,0.10054631531238556,0.8994536846876144,0.8994536846876144,51,data/xd_violence/features/i3d_kinetics400_16f/test/Taken.2.UNRATED.EXTENDED.2012__#00-13-42_00-14-16_label_B5-0-0.npz,512,-4.2028398513793945,5.157658576965332
wangted.2008__#0-48-30_0-49-00_label_B2-0-0,xd_violence,shooting,normal,FN,failure,1,0,6.060832674847916e-06,6.060832674847916e-06,0.9999939391673252,0.9999939391673252,45,data/xd_violence/features/i3d_kinetics400_16f/test/wangted.2008__#0-48-30_0-49-00_label_B2-0-0.npz,512,23.395849227905273,-1.2344605922698975
wangted.2008__#0-45-25_0-47-01_label_B1-0-0,xd_violence,fighting,normal,FN,failure,1,0,0.1892235279083252,0.1892235279083252,0.8107764720916748,0.8107764720916748,144,data/xd_violence/features/i3d_kinetics400_16f/test/wangted.2008__#0-45-25_0-47-01_label_B1-0-0.npz,512,-13.686591148376465,1.6682133674621582
v=X4I8FhpGJwo__#00-09-00_00-10-45_label_B6-0-0,xd_violence,car_accident,normal,FN,failure,1,0,0.18345907330513,0.18345907330513,0.81654092669487,0.81654092669487,157,data/xd_violence/features/i3d_kinetics400_16f/test/v=X4I8FhpGJwo__#00-09-00_00-10-45_label_B6-0-0.npz,512,-8.299429893493652,-3.3216397762298584
v=2WkuPNLfl5s__#1_label_B4-0-0,xd_violence,riot,normal,FN,failure,1,0,0.264644056558609,0.264644056558609,0.735355943441391,0.735355943441391,77,data/xd_violence/features/i3d_kinetics400_16f/test/v=2WkuPNLfl5s__#1_label_B4-0-0.npz,512,-16.65619468688965,7.945843696594238
v=CcD-YNlkMPY__#1_label_G-0-0,xd_violence,explosion,normal,FN,failure,1,0,0.05566252022981644,0.05566252022981644,0.9443374797701836,0.9443374797701836,124,data/xd_violence/features/i3d_kinetics400_16f/test/v=CcD-YNlkMPY__#1_label_G-0-0.npz,512,-11.177163124084473,-7.748306751251221
Death.Proof.2007__#00-45-05_00-47-36_label_B5-0-0,xd_violence,abuse,normal,FN,failure,1,0,0.23305149376392365,0.23305149376392365,0.7669485062360764,0.7669485062360764,226,data/xd_violence/features/i3d_kinetics400_16f/test/Death.Proof.2007__#00-45-05_00-47-36_label_B5-0-0.npz,512,-12.178855895996094,-2.629354476928711
City.of.God.2002__#00-40-16_00-41-30_label_B2-0-0,xd_violence,shooting,normal,FN,failure,1,0,0.35839182138442993,0.35839182138442993,0.6416081786155701,0.6416081786155701,111,data/xd_violence/features/i3d_kinetics400_16f/test/City.of.God.2002__#00-40-16_00-41-30_label_B2-0-0.npz,512,-13.066038131713867,0.6379470825195312
Fast.Furious.2009__#00-25-59_00-26-25_label_B1-0-0,xd_violence,fighting,normal,FN,failure,1,0,0.0023527145385742188,0.0023527145385742188,0.9976472854614258,0.9976472854614258,39,data/xd_violence/features/i3d_kinetics400_16f/test/Fast.Furious.2009__#00-25-59_00-26-25_label_B1-0-0.npz,512,-2.861088752746582,5.533342361450195
Mission.Impossible.Fallout.2018__#00-39-18_00-40-36_label_B1-0-0,xd_violence,fighting,normal,TP,success,1,1,0.7778109312057495,0.7778109312057495,0.7778109312057495,0.2221890687942505,117,data/xd_violence/features/i3d_kinetics400_16f/test/Mission.Impossible.Fallout.2018__#00-39-18_00-40-36_label_B1-0-0.npz,512,-15.634286880493164,3.818052291870117
v=J67oj92maC0__#1_label_G-0-0,xd_violence,explosion,explosion,TP,success,1,1,0.994548499584198,0.994548499584198,0.994548499584198,0.862086832523346,292,data/xd_violence/features/i3d_kinetics400_16f/test/v=J67oj92maC0__#1_label_G-0-0.npz,512,-8.950484275817871,-8.502998352050781
v=38GQ9L2meyE__#1_label_B6-0-0,xd_violence,car_accident,fighting,TP,success,1,1,0.9996783137321472,0.9996783137321472,0.9996783137321472,0.8617663979530334,290,data/xd_violence/features/i3d_kinetics400_16f/test/v=38GQ9L2meyE__#1_label_B6-0-0.npz,512,-15.883098602294922,-3.0779943466186523
Mission.Impossible.III.2006__#00-19-56_00-20-26_label_B2-0-0,xd_violence,shooting,normal,TP,success,1,1,0.9789121150970459,0.9789121150970459,0.9789121150970459,0.0210878849029541,45,data/xd_violence/features/i3d_kinetics400_16f/test/Mission.Impossible.III.2006__#00-19-56_00-20-26_label_B2-0-0.npz,512,-12.988398551940918,3.379509687423706
v=fhiAyxpDQMU__#1_label_B4-0-0,xd_violence,riot,explosion,TP,success,1,1,0.9864867925643921,0.9864867925643921,0.9864867925643921,0.929547131061554,249,data/xd_violence/features/i3d_kinetics400_16f/test/v=fhiAyxpDQMU__#1_label_B4-0-0.npz,512,-13.883803367614746,-7.936302185058594
v=afhttnv46Y4__#1_label_B1-0-0,xd_violence,fighting,fighting,TP,success,1,1,0.9998027682304382,0.9998027682304382,0.9998027682304382,0.7631406188011169,156,data/xd_violence/features/i3d_kinetics400_16f/test/v=afhttnv46Y4__#1_label_B1-0-0.npz,512,-7.228233814239502,2.0317208766937256
The.Hurt.Locker.2008__#01-27-42_01-28-09_label_G-0-0,xd_violence,explosion,normal,TP,success,1,1,0.6438654661178589,0.6438654661178589,0.6438654661178589,0.3561345338821411,40,data/xd_violence/features/i3d_kinetics400_16f/test/The.Hurt.Locker.2008__#01-27-42_01-28-09_label_G-0-0.npz,512,-11.959356307983398,2.7668609619140625
v=qmsQ-obL1Z4__#00-03-26_00-04-04_label_B6-0-0,xd_violence,car_accident,explosion,TP,success,1,1,0.9996122717857361,0.9996122717857361,0.9996122717857361,0.6661551594734192,57,data/xd_violence/features/i3d_kinetics400_16f/test/v=qmsQ-obL1Z4__#00-03-26_00-04-04_label_B6-0-0.npz,512,-9.0208101272583,-6.969003677368164
Skyfall.2012__#01-57-40_01-58-00_label_B2-0-0,xd_violence,shooting,normal,TP,success,1,1,0.6073017716407776,0.6073017716407776,0.6073017716407776,0.3926982283592224,30,data/xd_violence/features/i3d_kinetics400_16f/test/Skyfall.2012__#01-57-40_01-58-00_label_B2-0-0.npz,512,-11.856315612792969,-3.8496742248535156
v=-kwNh1lMU-w__#1_label_B4-0-0,xd_violence,riot,normal,TP,success,1,1,0.7217211723327637,0.7217211723327637,0.7217211723327637,0.27827882766723633,255,data/xd_violence/features/i3d_kinetics400_16f/test/v=-kwNh1lMU-w__#1_label_B4-0-0.npz,512,-15.779851913452148,7.134837627410889
v=X6Tbn8_X-Os__#1_label_B1-0-0,xd_violence,fighting,robbery,TP,success,1,1,0.9988669157028198,0.9988669157028198,0.9988669157028198,0.8605881333351135,306,data/xd_violence/features/i3d_kinetics400_16f/test/v=X6Tbn8_X-Os__#1_label_B1-0-0.npz,512,-10.77527141571045,5.101471424102783
Operation.Red.Sea.2018__#01-37-22_01-37-36_label_G-B2-0,xd_violence,explosion,normal,TP,success,1,1,0.9936559796333313,0.9936559796333313,0.9936559796333313,0.006344020366668701,21,data/xd_violence/features/i3d_kinetics400_16f/test/Operation.Red.Sea.2018__#01-37-22_01-37-36_label_G-B2-0.npz,512,-13.486343383789062,4.091662406921387
v=ZoS8gm5OcOM__#00-06-20_00-07-30_label_B6-0-0,xd_violence,car_accident,normal,TP,success,1,1,0.717566192150116,0.717566192150116,0.717566192150116,0.28243380784988403,105,data/xd_violence/features/i3d_kinetics400_16f/test/v=ZoS8gm5OcOM__#00-06-20_00-07-30_label_B6-0-0.npz,512,-11.355276107788086,-6.802290439605713
Tropa.de.Elite.2.2010__#01-33-01_01-33-30_label_B2-0-0,xd_violence,shooting,normal,TP,success,1,1,0.8653397560119629,0.8653397560119629,0.8653397560119629,0.1346602439880371,43,data/xd_violence/features/i3d_kinetics400_16f/test/Tropa.de.Elite.2.2010__#01-33-01_01-33-30_label_B2-0-0.npz,512,-14.191146850585938,3.605225086212158
v=ADQNFs9bfFk__#00-00-00_00-00-58_label_B4-0-0,xd_violence,riot,explosion,TP,success,1,1,0.9363786578178406,0.9363786578178406,0.9363786578178406,0.9734686017036438,87,data/xd_violence/features/i3d_kinetics400_16f/test/v=ADQNFs9bfFk__#00-00-00_00-00-58_label_B4-0-0.npz,512,-13.790653228759766,-8.579434394836426
Spectre.2015__#01-08-58_01-09-20_label_B1-B2-0,xd_violence,fighting,normal,TP,success,1,1,0.9285955429077148,0.9285955429077148,0.9285955429077148,0.07140445709228516,33,data/xd_violence/features/i3d_kinetics400_16f/test/Spectre.2015__#01-08-58_01-09-20_label_B1-B2-0.npz,512,-7.289945602416992,4.9629435539245605
v=YhCSFZNwfHc__#00-01-15_00-01-42_label_G-B2-0,xd_violence,explosion,normal,TP,success,1,1,0.9983838796615601,0.9983838796615601,0.9983838796615601,0.0016161203384399414,40,data/xd_violence/features/i3d_kinetics400_16f/test/v=YhCSFZNwfHc__#00-01-15_00-01-42_label_G-B2-0.npz,512,-9.662235260009766,-7.916059494018555
v=7QOdBpDrmKk__#00-10-30_00-10-51_label_B6-0-0,xd_violence,car_accident,normal,TP,success,1,1,0.9996632933616638,0.9996632933616638,0.9996632933616638,0.00033670663833618164,31,data/xd_violence/features/i3d_kinetics400_16f/test/v=7QOdBpDrmKk__#00-10-30_00-10-51_label_B6-0-0.npz,512,-8.447382926940918,-7.187878608703613
Saving.Private.Ryan.1998__#00-47-50_00-49-35_label_B2-0-0,xd_violence,shooting,normal,TP,success,1,1,0.6151066422462463,0.6151066422462463,0.6151066422462463,0.38489335775375366,157,data/xd_violence/features/i3d_kinetics400_16f/test/Saving.Private.Ryan.1998__#00-47-50_00-49-35_label_B2-0-0.npz,512,-14.373672485351562,5.573938369750977
v=OB0-MXNPUIU__#1_label_B4-0-0,xd_violence,riot,normal,TP,success,1,1,0.8247470855712891,0.8247470855712891,0.8247470855712891,0.17525291442871094,251,data/xd_violence/features/i3d_kinetics400_16f/test/v=OB0-MXNPUIU__#1_label_B4-0-0.npz,512,-15.976161003112793,7.030295372009277
v=pCyCi-q4MqY__#1_label_A,xd_violence,normal,explosion,FP,failure,0,1,0.989488959312439,0.989488959312439,0.989488959312439,0.7686149477958679,294,data/xd_violence/features/i3d_kinetics400_16f/test/v=pCyCi-q4MqY__#1_label_A.npz,512,-13.025885581970215,-7.83027458190918
v=bU86SW6L7Tc__#1_label_A,xd_violence,normal,normal,FP,failure,0,1,0.7290369868278503,0.7290369868278503,0.7290369868278503,0.27096301317214966,265,data/xd_violence/features/i3d_kinetics400_16f/test/v=bU86SW6L7Tc__#1_label_A.npz,512,1.132137417793274,8.192487716674805
Black.Hawk.Down.2001__#01-36-44_01-37-33_label_A,xd_violence,normal,normal,FP,failure,0,1,0.9823160171508789,0.9823160171508789,0.9823160171508789,0.017683982849121094,73,data/xd_violence/features/i3d_kinetics400_16f/test/Black.Hawk.Down.2001__#01-36-44_01-37-33_label_A.npz,512,-12.966482162475586,4.62276554107666
v=vFPQ_NiDBIU__#02-42-00_02-48-00_label_A,xd_violence,normal,explosion,FP,failure,0,1,0.9441295862197876,0.9441295862197876,0.9441295862197876,0.97749924659729,540,data/xd_violence/features/i3d_kinetics400_16f/test/v=vFPQ_NiDBIU__#02-42-00_02-48-00_label_A.npz,512,-12.971141815185547,-8.985261917114258
Be.with.You.2018__#00-04-20_00-05-35_label_A,xd_violence,normal,normal,FP,failure,0,1,0.5708156228065491,0.5708156228065491,0.5708156228065491,0.4291843771934509,112,data/xd_violence/features/i3d_kinetics400_16f/test/Be.with.You.2018__#00-04-20_00-05-35_label_A.npz,512,-3.968735933303833,-1.7983572483062744
v=6cvZOGzfqWU__#1_label_A,xd_violence,normal,abuse,FP,failure,0,1,0.9992502331733704,0.9992502331733704,0.9992502331733704,0.6377127170562744,349,data/xd_violence/features/i3d_kinetics400_16f/test/v=6cvZOGzfqWU__#1_label_A.npz,512,-7.310101509094238,0.7059336304664612
v=2JJ9d97sd64__#1_label_A,xd_violence,normal,normal,FP,failure,0,1,0.9728888869285583,0.9728888869285583,0.9728888869285583,0.02711111307144165,196,data/xd_violence/features/i3d_kinetics400_16f/test/v=2JJ9d97sd64__#1_label_A.npz,512,-6.061617851257324,1.5392975807189941
v=qhUItxoTrmg__#1_label_A,xd_violence,normal,normal,FP,failure,0,1,0.863308310508728,0.863308310508728,0.863308310508728,0.13669168949127197,285,data/xd_violence/features/i3d_kinetics400_16f/test/v=qhUItxoTrmg__#1_label_A.npz,512,-9.427044868469238,4.862453460693359
v=Wc2QW06H48M__#1_label_A,xd_violence,normal,normal,FP,failure,0,1,0.8329882025718689,0.8329882025718689,0.8329882025718689,0.1670117974281311,97,data/xd_violence/features/i3d_kinetics400_16f/test/v=Wc2QW06H48M__#1_label_A.npz,512,-16.846895217895508,6.552969455718994
v=0vVOXlgHC1U__#00-48-00_00-54-00_label_A,xd_violence,normal,abuse,FP,failure,0,1,0.6255979537963867,0.6255979537963867,0.6255979537963867,0.975075364112854,540,data/xd_violence/features/i3d_kinetics400_16f/test/v=0vVOXlgHC1U__#00-48-00_00-54-00_label_A.npz,512,-7.985591411590576,-7.9376702308654785
v=vFPQ_NiDBIU__#00-42-00_00-48-00_label_A,xd_violence,normal,explosion,FP,failure,0,1,0.8514962196350098,0.8514962196350098,0.8514962196350098,0.9516973495483398,540,data/xd_violence/features/i3d_kinetics400_16f/test/v=vFPQ_NiDBIU__#00-42-00_00-48-00_label_A.npz,512,-13.130901336669922,-9.31380844116211
v=vFPQ_NiDBIU__#01-48-00_01-54-00_label_A,xd_violence,normal,explosion,FP,failure,0,1,0.974609911441803,0.974609911441803,0.974609911441803,0.9872640371322632,540,data/xd_violence/features/i3d_kinetics400_16f/test/v=vFPQ_NiDBIU__#01-48-00_01-54-00_label_A.npz,512,-12.354813575744629,-9.141341209411621
v=NbNFfnVSIn8__#1_label_A,xd_violence,normal,normal,FP,failure,0,1,0.8055756688117981,0.8055756688117981,0.8055756688117981,0.1944243311882019,287,data/xd_violence/features/i3d_kinetics400_16f/test/v=NbNFfnVSIn8__#1_label_A.npz,512,1.2227550745010376,8.017546653747559
v=-tqHsoEoUyY__#1_label_A,xd_violence,normal,normal,FP,failure,0,1,0.5971524715423584,0.5971524715423584,0.5971524715423584,0.4028475284576416,63,data/xd_violence/features/i3d_kinetics400_16f/test/v=-tqHsoEoUyY__#1_label_A.npz,512,-3.604355573654175,-0.48024457693099976
v=n0AhGnEjako__#1_label_A,xd_violence,normal,normal,FP,failure,0,1,0.6548334956169128,0.6548334956169128,0.6548334956169128,0.34516650438308716,148,data/xd_violence/features/i3d_kinetics400_16f/test/v=n0AhGnEjako__#1_label_A.npz,512,-10.340137481689453,-3.235206365585327
v=eAgqJnO3kr8__#00-06-00_00-12-00_label_A,xd_violence,normal,explosion,FP,failure,0,1,0.8955886960029602,0.8955886960029602,0.8955886960029602,0.9770743250846863,540,data/xd_violence/features/i3d_kinetics400_16f/test/v=eAgqJnO3kr8__#00-06-00_00-12-00_label_A.npz,512,-12.29633617401123,-8.675390243530273
v=EToznHwS0OA__#1_label_A,xd_violence,normal,normal,FP,failure,0,1,0.9856606721878052,0.9856606721878052,0.9856606721878052,0.014339327812194824,233,data/xd_violence/features/i3d_kinetics400_16f/test/v=EToznHwS0OA__#1_label_A.npz,512,-5.841756820678711,1.9123272895812988
v=SmFpAAHmoII__#1_label_A,xd_violence,normal,robbery,FP,failure,0,1,0.9992840886116028,0.9992840886116028,0.9992840886116028,0.9921944737434387,246,data/xd_violence/features/i3d_kinetics400_16f/test/v=SmFpAAHmoII__#1_label_A.npz,512,-6.968817710876465,3.8703482151031494
v=1EvRIhdsX1s__#1_label_A,xd_violence,normal,normal,FP,failure,0,1,0.9224954843521118,0.9224954843521118,0.9224954843521118,0.07750451564788818,53,data/xd_violence/features/i3d_kinetics400_16f/test/v=1EvRIhdsX1s__#1_label_A.npz,512,-3.24902606010437,-2.133415699005127
Fury.2014__#01-13-32_01-14-43_label_A,xd_violence,normal,normal,FP,failure,0,1,0.7324581742286682,0.7324581742286682,0.7324581742286682,0.2675418257713318,106,data/xd_violence/features/i3d_kinetics400_16f/test/Fury.2014__#01-13-32_01-14-43_label_A.npz,512,-11.36936092376709,-2.1722021102905273
v=RRiN5W9XwJE__#1_label_A,xd_violence,normal,normal,TN,success,0,0,0.5238773226737976,0.5238773226737976,0.4761226773262024,0.4761226773262024,163,data/xd_violence/features/i3d_kinetics400_16f/test/v=RRiN5W9XwJE__#1_label_A.npz,512,-15.002974510192871,7.239365100860596
Skyfall.2012__#02-14-50_02-16-25_label_A,xd_violence,normal,normal,TN,success,0,0,7.1619488117846686e-09,7.1619488117846686e-09,0.9999999928380512,0.9999999928380512,142,data/xd_violence/features/i3d_kinetics400_16f/test/Skyfall.2012__#02-14-50_02-16-25_label_A.npz,512,22.894718170166016,-5.771464824676514
Flipped.2010__#00-08-55_00-10-50_label_A,xd_violence,normal,normal,TN,success,0,0,0.0012023895978927612,0.0012023895978927612,0.9987976104021072,0.9987976104021072,172,data/xd_violence/features/i3d_kinetics400_16f/test/Flipped.2010__#00-08-55_00-10-50_label_A.npz,512,-5.2479681968688965,10.755897521972656
The.Intouchables.2011__#00-58-18_01-02-30_label_A,xd_violence,normal,normal,TN,success,0,0,0.0469234474003315,0.0469234474003315,0.9530765525996685,0.9530765525996685,378,data/xd_violence/features/i3d_kinetics400_16f/test/The.Intouchables.2011__#00-58-18_01-02-30_label_A.npz,512,-12.701719284057617,0.42093798518180847
Good.Will.Hunting.1997__#00-58-18_01-02-30_label_A,xd_violence,normal,normal,TN,success,0,0,0.05848358944058418,0.05848358944058418,0.9415164105594158,0.9415164105594158,378,data/xd_violence/features/i3d_kinetics400_16f/test/Good.Will.Hunting.1997__#00-58-18_01-02-30_label_A.npz,512,-0.2837417423725128,1.5764520168304443
v=1202rYvw7go__#1_label_A,xd_violence,normal,normal,TN,success,0,0,0.043636929243803024,0.043636929243803024,0.956363070756197,0.956363070756197,246,data/xd_violence/features/i3d_kinetics400_16f/test/v=1202rYvw7go__#1_label_A.npz,512,-16.403093338012695,9.198856353759766
Ip.Man.2008__#00-40-25_00-40-45_label_A,xd_violence,normal,normal,TN,success,0,0,3.2111064918183274e-09,3.2111064918183274e-09,0.9999999967888935,0.9999999967888935,30,data/xd_violence/features/i3d_kinetics400_16f/test/Ip.Man.2008__#00-40-25_00-40-45_label_A.npz,512,17.778867721557617,-6.253850936889648
Brick.Mansions.2014__#00-08-37_00-10-04_label_A,xd_violence,normal,normal,TN,success,0,0,0.07177884876728058,0.07177884876728058,0.9282211512327194,0.9282211512327194,130,data/xd_violence/features/i3d_kinetics400_16f/test/Brick.Mansions.2014__#00-08-37_00-10-04_label_A.npz,512,-10.06980037689209,-4.337263107299805
v=GnN9VTh_s2A__#1_label_A,xd_violence,normal,normal,TN,success,0,0,0.16594694554805756,0.16594694554805756,0.8340530544519424,0.8340530544519424,42,data/xd_violence/features/i3d_kinetics400_16f/test/v=GnN9VTh_s2A__#1_label_A.npz,512,-9.563060760498047,-2.508002758026123
v=a0TQkX_zLt0__#1_label_A,xd_violence,normal,normal,TN,success,0,0,0.13286350667476654,0.13286350667476654,0.8671364933252335,0.8671364933252335,735,data/xd_violence/features/i3d_kinetics400_16f/test/v=a0TQkX_zLt0__#1_label_A.npz,512,-14.973969459533691,-2.4130985736846924
v=JzrpCC7XmyE__#01-06-00_01-12-00_label_A,xd_violence,normal,normal,TN,success,0,0,0.31922447681427,0.31922447681427,0.68077552318573,0.68077552318573,540,data/xd_violence/features/i3d_kinetics400_16f/test/v=JzrpCC7XmyE__#01-06-00_01-12-00_label_A.npz,512,-16.893585205078125,8.726251602172852
Fast.Five.2011__#01-59-16_02-01-12_label_A,xd_violence,normal,normal,TN,success,0,0,1.747653982420161e-06,1.747653982420161e-06,0.9999982523460176,0.9999982523460176,174,data/xd_violence/features/i3d_kinetics400_16f/test/Fast.Five.2011__#01-59-16_02-01-12_label_A.npz,512,22.770803451538086,-0.9856702089309692
v=EeUTpfyb0qo__#1_label_A,xd_violence,normal,normal,TN,success,0,0,1.4552182392435498e-07,1.4552182392435498e-07,0.9999998544781761,0.9999998544781761,1133,data/xd_violence/features/i3d_kinetics400_16f/test/v=EeUTpfyb0qo__#1_label_A.npz,512,19.294946670532227,-3.3031461238861084
About.Time.2013__#00-40-52_00-42-31_label_A,xd_violence,normal,normal,TN,success,0,0,1.0624368087519542e-06,1.0624368087519542e-06,0.9999989375631912,0.9999989375631912,148,data/xd_violence/features/i3d_kinetics400_16f/test/About.Time.2013__#00-40-52_00-42-31_label_A.npz,512,23.696224212646484,-0.33323347568511963
v=ZpWR_YZNZTM__#1_label_A,xd_violence,normal,normal,TN,success,0,0,0.1223694384098053,0.1223694384098053,0.8776305615901947,0.8776305615901947,214,data/xd_violence/features/i3d_kinetics400_16f/test/v=ZpWR_YZNZTM__#1_label_A.npz,512,1.2673182487487793,8.693290710449219
Taken.2.UNRATED.EXTENDED.2012__#00-17-08_00-17-30_label_A,xd_violence,normal,normal,TN,success,0,0,1.033746457324014e-06,1.033746457324014e-06,0.9999989662535427,0.9999989662535427,33,data/xd_violence/features/i3d_kinetics400_16f/test/Taken.2.UNRATED.EXTENDED.2012__#00-17-08_00-17-30_label_A.npz,512,22.68956184387207,4.798567771911621
v=VRn8Tc02TbU__#00-18-00_00-21-00_label_A,xd_violence,normal,normal,TN,success,0,0,3.016954792656179e-07,3.016954792656179e-07,0.9999996983045207,0.9999996983045207,270,data/xd_violence/features/i3d_kinetics400_16f/test/v=VRn8Tc02TbU__#00-18-00_00-21-00_label_A.npz,512,23.965829849243164,1.5676658153533936
The.Notebook.2004__#00-08-55_00-10-50_label_A,xd_violence,normal,normal,TN,success,0,0,0.0051101441495120525,0.0051101441495120525,0.994889855850488,0.994889855850488,172,data/xd_violence/features/i3d_kinetics400_16f/test/The.Notebook.2004__#00-08-55_00-10-50_label_A.npz,512,-19.756567001342773,9.045654296875
City.Of.Men.2007__#01-36-01_01-37-31_label_A,xd_violence,normal,normal,TN,success,0,0,0.06311718374490738,0.06311718374490738,0.9368828162550926,0.9368828162550926,135,data/xd_violence/features/i3d_kinetics400_16f/test/City.Of.Men.2007__#01-36-01_01-37-31_label_A.npz,512,-16.70050811767578,5.062598705291748
The.Attorney.2013__#00-47-00_00-49-30_label_A,xd_violence,normal,normal,TN,success,0,0,6.324851753447547e-09,6.324851753447547e-09,0.9999999936751482,0.9999999936751482,225,data/xd_violence/features/i3d_kinetics400_16f/test/The.Attorney.2013__#00-47-00_00-49-30_label_A.npz,512,21.888208389282227,-5.174251079559326
JECBfnp2ZXc_4_31d3bec51e,rwf_2000,fighting,normal,FN,failure,1,0,0.9999934434890747,0.9999934434890747,6.556510925292969e-06,6.556510925292969e-06,9,data/rwf_2000/features/i3d_kinetics400_16f/val/JECBfnp2ZXc_4_31d3bec51e.npz,512,-0.8365867137908936,-1.1412930488586426
SDFDSSDF_974_b8f5ca8cc6,rwf_2000,fighting,normal,FN,failure,1,0,0.4643998146057129,0.4643998146057129,0.5356001853942871,0.5356001853942871,9,data/rwf_2000/features/i3d_kinetics400_16f/val/SDFDSSDF_974_b8f5ca8cc6.npz,512,-2.153693437576294,3.120882034301758
SDFDSSDF_972_d452dd0ae5,rwf_2000,fighting,normal,FN,failure,1,0,0.13648022711277008,0.13648022711277008,0.8635197728872299,0.8635197728872299,9,data/rwf_2000/features/i3d_kinetics400_16f/val/SDFDSSDF_972_d452dd0ae5.npz,512,-17.450597763061523,5.16854190826416
zOqs7Oh9oDM_3_df43c36633,rwf_2000,fighting,normal,FN,failure,1,0,0.9982472658157349,0.9982472658157349,0.0017527341842651367,0.0017527341842651367,9,data/rwf_2000/features/i3d_kinetics400_16f/val/zOqs7Oh9oDM_3_df43c36633.npz,512,-12.935118675231934,5.86126708984375
zOqs7Oh9oDM_1_9f9b35588f,rwf_2000,fighting,normal,FN,failure,1,0,0.9982072114944458,0.9982072114944458,0.0017927885055541992,0.0017927885055541992,9,data/rwf_2000/features/i3d_kinetics400_16f/val/zOqs7Oh9oDM_1_9f9b35588f.npz,512,-11.78124713897705,4.580621719360352
SDFDSSDF_977_d97f766215,rwf_2000,fighting,normal,FN,failure,1,0,0.949604868888855,0.949604868888855,0.05039513111114502,0.05039513111114502,9,data/rwf_2000/features/i3d_kinetics400_16f/val/SDFDSSDF_977_d97f766215.npz,512,-16.3369197845459,5.494042873382568
1Kbw1bUw_0_dd73df2a92,rwf_2000,fighting,normal,FN,failure,1,0,0.9973063468933105,0.9973063468933105,0.002693653106689453,0.002693653106689453,9,data/rwf_2000/features/i3d_kinetics400_16f/val/1Kbw1bUw_0_dd73df2a92.npz,512,-12.875598907470703,8.869170188903809
g6jdqkcdgqk_2_622dc2f495,rwf_2000,fighting,normal,FN,failure,1,0,0.9955112934112549,0.9955112934112549,0.004488706588745117,0.004488706588745117,9,data/rwf_2000/features/i3d_kinetics400_16f/val/g6jdqkcdgqk_2_622dc2f495.npz,512,-19.745546340942383,-2.3606669902801514
nVdn1krnTCQ_2_7f808bc92e,rwf_2000,fighting,normal,FN,failure,1,0,0.9775179624557495,0.9775179624557495,0.02248203754425049,0.02248203754425049,9,data/rwf_2000/features/i3d_kinetics400_16f/val/nVdn1krnTCQ_2_7f808bc92e.npz,512,-6.105329513549805,5.960597991943359
I-QiUMPTWNE_3_5a38c554d3,rwf_2000,fighting,normal,FN,failure,1,0,0.9926865100860596,0.9926865100860596,0.00731348991394043,0.00731348991394043,9,data/rwf_2000/features/i3d_kinetics400_16f/val/I-QiUMPTWNE_3_5a38c554d3.npz,512,-12.380585670471191,6.980147838592529
JECBfnp2ZXc_5_ccac366ade,rwf_2000,fighting,normal,FN,failure,1,0,1.9743192751775496e-06,1.9743192751775496e-06,0.9999980256807248,0.9999980256807248,9,data/rwf_2000/features/i3d_kinetics400_16f/val/JECBfnp2ZXc_5_ccac366ade.npz,512,13.859919548034668,-8.123178482055664
1Kbw1bUw_2_f0c271947e,rwf_2000,fighting,normal,FN,failure,1,0,0.9993796348571777,0.9993796348571777,0.0006203651428222656,0.8542692065238953,9,data/rwf_2000/features/i3d_kinetics400_16f/val/1Kbw1bUw_2_f0c271947e.npz,512,-12.52833080291748,8.8760347366333
39BFeYnbu-I_6_f539ef4114,rwf_2000,fighting,normal,FN,failure,1,0,0.9997423887252808,0.9997423887252808,0.0002576112747192383,0.0002576112747192383,9,data/rwf_2000/features/i3d_kinetics400_16f/val/39BFeYnbu-I_6_f539ef4114.npz,512,-16.949708938598633,0.07261883467435837
etyiEs3j8x8_0_ff4b8b9b07,rwf_2000,fighting,normal,FN,failure,1,0,0.8913699388504028,0.8913699388504028,0.10863006114959717,0.10863006114959717,9,data/rwf_2000/features/i3d_kinetics400_16f/val/etyiEs3j8x8_0_ff4b8b9b07.npz,512,-7.745659828186035,6.64845085144043
6Rl7q_kXYbg_4_f1e69c7edf,rwf_2000,fighting,normal,FN,failure,1,0,3.8726755136053725e-09,3.8726755136053725e-09,0.9999999961273245,0.9999999961273245,9,data/rwf_2000/features/i3d_kinetics400_16f/val/6Rl7q_kXYbg_4_f1e69c7edf.npz,512,18.70779037475586,3.3931400775909424
XM0NI7ZmwWM_1_37c41bad94,rwf_2000,fighting,normal,FN,failure,1,0,0.0054532792419195175,0.0054532792419195175,0.9945467207580805,0.9945467207580805,9,data/rwf_2000/features/i3d_kinetics400_16f/val/XM0NI7ZmwWM_1_37c41bad94.npz,512,-8.062994956970215,9.914349555969238
SJRnWfHAx_E_2_9a0cafca8f,rwf_2000,fighting,normal,FN,failure,1,0,0.990593671798706,0.990593671798706,0.009406328201293945,0.009406328201293945,9,data/rwf_2000/features/i3d_kinetics400_16f/val/SJRnWfHAx_E_2_9a0cafca8f.npz,512,-16.852737426757812,-4.376495361328125
y_vX9FtjLaQ_0_17da271e5f,rwf_2000,fighting,normal,FN,failure,1,0,0.7855699062347412,0.7855699062347412,0.2144300937652588,0.2144300937652588,9,data/rwf_2000/features/i3d_kinetics400_16f/val/y_vX9FtjLaQ_0_17da271e5f.npz,512,0.21546170115470886,6.983312606811523
y_vX9FtjLaQ_4_d91dea0ad7,rwf_2000,fighting,normal,FN,failure,1,0,0.014165972359478474,0.014165972359478474,0.9858340276405215,0.9858340276405215,9,data/rwf_2000/features/i3d_kinetics400_16f/val/y_vX9FtjLaQ_4_d91dea0ad7.npz,512,0.06613652408123016,5.8079118728637695
MxkTo5F-nvU_3_cdf1f5a4ec,rwf_2000,fighting,normal,FN,failure,1,0,0.02375703491270542,0.02375703491270542,0.9762429650872946,0.9762429650872946,9,data/rwf_2000/features/i3d_kinetics400_16f/val/MxkTo5F-nvU_3_cdf1f5a4ec.npz,512,-1.9562033414840698,3.332304000854492
g6jdqkcdgqk_1_061157b53b,rwf_2000,fighting,fighting,TP,success,1,1,0.9992805123329163,0.9992805123329163,0.9992805123329163,0.9802898168563843,9,data/rwf_2000/features/i3d_kinetics400_16f/val/g6jdqkcdgqk_1_061157b53b.npz,512,-20.577146530151367,-0.3588819205760956
RTHTRS_717_5a30fa4621,rwf_2000,fighting,fighting,TP,success,1,1,0.9998186826705933,0.9998186826705933,0.9998186826705933,0.6553403735160828,9,data/rwf_2000/features/i3d_kinetics400_16f/val/RTHTRS_717_5a30fa4621.npz,512,-18.38472557067871,0.6714974641799927
e5Dmmply_1_9ed8430acb,rwf_2000,fighting,fighting,TP,success,1,1,0.9999390244483948,0.9999390244483948,0.9999390244483948,0.62392258644104,9,data/rwf_2000/features/i3d_kinetics400_16f/val/e5Dmmply_1_9ed8430acb.npz,512,-18.28347396850586,0.1852875053882599
ASGGSDG_183_ea4104ec79,rwf_2000,fighting,fighting,TP,success,1,1,0.9999808073043823,0.9999808073043823,0.9999808073043823,0.5663748383522034,9,data/rwf_2000/features/i3d_kinetics400_16f/val/ASGGSDG_183_ea4104ec79.npz,512,-17.76177215576172,-0.9661924242973328
RTHTRS_707_678c1a6141,rwf_2000,fighting,fighting,TP,success,1,1,0.9993346333503723,0.9993346333503723,0.9993346333503723,0.5187056660652161,9,data/rwf_2000/features/i3d_kinetics400_16f/val/RTHTRS_707_678c1a6141.npz,512,-20.942201614379883,-2.752293586730957
RIXaF_TkLlU_4_8dcee46c25,rwf_2000,fighting,fighting,TP,success,1,1,0.9913883209228516,0.9913883209228516,0.9913883209228516,0.9899323582649231,9,data/rwf_2000/features/i3d_kinetics400_16f/val/RIXaF_TkLlU_4_8dcee46c25.npz,512,-21.178916931152344,0.5488407611846924
hytjfg_354_6a4271793b,rwf_2000,fighting,fighting,TP,success,1,1,0.9995082020759583,0.9995082020759583,0.9995082020759583,0.9527077674865723,9,data/rwf_2000/features/i3d_kinetics400_16f/val/hytjfg_354_6a4271793b.npz,512,-19.691967010498047,0.2604202330112457
RIXaF_TkLlU_3_fdab81bbd4,rwf_2000,fighting,fighting,TP,success,1,1,0.9994641542434692,0.9994641542434692,0.9994641542434692,0.958957850933075,9,data/rwf_2000/features/i3d_kinetics400_16f/val/RIXaF_TkLlU_3_fdab81bbd4.npz,512,-21.0784854888916,-1.0473532676696777
EFv961C5RgY_0_9fd9c3c448,rwf_2000,fighting,fighting,TP,success,1,1,0.9991973042488098,0.9991973042488098,0.9991973042488098,0.9815887808799744,9,data/rwf_2000/features/i3d_kinetics400_16f/val/EFv961C5RgY_0_9fd9c3c448.npz,512,-20.411373138427734,0.9736753106117249
trtrhrt_1039_cbb2381c3c,rwf_2000,fighting,fighting,TP,success,1,1,0.9994125962257385,0.9994125962257385,0.9994125962257385,0.9497773051261902,9,data/rwf_2000/features/i3d_kinetics400_16f/val/trtrhrt_1039_cbb2381c3c.npz,512,-19.645530700683594,1.1900798082351685
39BFeYnbu-I_2_58ee0e8aea,rwf_2000,fighting,fighting,TP,success,1,1,0.9969109296798706,0.9969109296798706,0.9969109296798706,0.8544436693191528,9,data/rwf_2000/features/i3d_kinetics400_16f/val/39BFeYnbu-I_2_58ee0e8aea.npz,512,-19.193910598754883,-1.6037095785140991
48J5lk4QcpE_3_4fb57b1650,rwf_2000,fighting,fighting,TP,success,1,1,0.9939317107200623,0.9939317107200623,0.9939317107200623,0.9561246633529663,9,data/rwf_2000/features/i3d_kinetics400_16f/val/48J5lk4QcpE_3_4fb57b1650.npz,512,-18.765810012817383,-3.0716099739074707
xDjgfhGt-YA_0_fbf26d645e,rwf_2000,fighting,fighting,TP,success,1,1,0.9996583461761475,0.9996583461761475,0.9996583461761475,0.9471116662025452,9,data/rwf_2000/features/i3d_kinetics400_16f/val/xDjgfhGt-YA_0_fbf26d645e.npz,512,-19.957622528076172,-0.5209349393844604
trtrhrt_1049_59ae63e3ca,rwf_2000,fighting,fighting,TP,success,1,1,0.9997145533561707,0.9997145533561707,0.9997145533561707,0.7285014986991882,9,data/rwf_2000/features/i3d_kinetics400_16f/val/trtrhrt_1049_59ae63e3ca.npz,512,-18.380535125732422,1.6520369052886963
39BFeYnbu-I_4_e444c7e635,rwf_2000,fighting,fighting,TP,success,1,1,0.9992116093635559,0.9992116093635559,0.9992116093635559,0.9356643557548523,9,data/rwf_2000/features/i3d_kinetics400_16f/val/39BFeYnbu-I_4_e444c7e635.npz,512,-19.235897064208984,-0.6735628843307495
RTHTRS_718_1c0dbbafa3,rwf_2000,fighting,fighting,TP,success,1,1,0.9996074438095093,0.9996074438095093,0.9996074438095093,0.6302294731140137,9,data/rwf_2000/features/i3d_kinetics400_16f/val/RTHTRS_718_1c0dbbafa3.npz,512,-18.601205825805664,1.1920576095581055
RIXaF_TkLlU_1_ea88148d25,rwf_2000,fighting,fighting,TP,success,1,1,0.9998918175697327,0.9998918175697327,0.9998918175697327,0.611568808555603,9,data/rwf_2000/features/i3d_kinetics400_16f/val/RIXaF_TkLlU_1_ea88148d25.npz,512,-21.373794555664062,-2.0698654651641846
39BFeYnbu-I_1_fac5849d58,rwf_2000,fighting,fighting,TP,success,1,1,0.9995830059051514,0.9995830059051514,0.9995830059051514,0.9651386141777039,9,data/rwf_2000/features/i3d_kinetics400_16f/val/39BFeYnbu-I_1_fac5849d58.npz,512,-20.341943740844727,-1.6073673963546753
39BFeYnbu-I_0_00584644ad,rwf_2000,fighting,fighting,TP,success,1,1,0.9959262013435364,0.9959262013435364,0.9959262013435364,0.9068294167518616,9,data/rwf_2000/features/i3d_kinetics400_16f/val/39BFeYnbu-I_0_00584644ad.npz,512,-20.0065975189209,-2.9924397468566895
EFv961C5RgY_1_9a3213a8f0,rwf_2000,fighting,fighting,TP,success,1,1,0.9937951564788818,0.9937951564788818,0.9937951564788818,0.978239893913269,9,data/rwf_2000/features/i3d_kinetics400_16f/val/EFv961C5RgY_1_9a3213a8f0.npz,512,-20.43419647216797,1.7966206073760986
Xcd0v-KhKL4_0_73064d4db2__dup2,rwf_2000,normal,normal,TN,success,0,0,0.01275726966559887,0.01275726966559887,0.9872427303344011,0.9872427303344011,9,data/rwf_2000/features/i3d_kinetics400_16f/val/Xcd0v-KhKL4_0_73064d4db2__dup2.npz,512,-17.465940475463867,6.012233257293701
YDOJvzChqSg_0_68dc409a62__dup2,rwf_2000,normal,normal,TN,success,0,0,0.0027921288274228573,0.0027921288274228573,0.9972078711725771,0.9972078711725771,9,data/rwf_2000/features/i3d_kinetics400_16f/val/YDOJvzChqSg_0_68dc409a62__dup2.npz,512,-12.644891738891602,-4.557226181030273
nuf-d5GugL0_1_605965c079__dup2,rwf_2000,normal,normal,TN,success,0,0,0.997409462928772,0.997409462928772,0.0025905370712280273,0.0025905370712280273,9,data/rwf_2000/features/i3d_kinetics400_16f/val/nuf-d5GugL0_1_605965c079__dup2.npz,512,-19.216123580932617,2.634638786315918
q4jlVJRb_0_e6c4952b12,rwf_2000,normal,normal,TN,success,0,0,7.176255145679988e-10,7.176255145679988e-10,0.9999999992823745,0.9999999992823745,9,data/rwf_2000/features/i3d_kinetics400_16f/val/q4jlVJRb_0_e6c4952b12.npz,512,25.54672622680664,-0.965259850025177
I-QiUMPTWNE_1_e9302bf9a7__dup2,rwf_2000,normal,normal,TN,success,0,0,3.3150815426097324e-10,3.3150815426097324e-10,0.9999999996684918,0.9999999996684918,9,data/rwf_2000/features/i3d_kinetics400_16f/val/I-QiUMPTWNE_1_e9302bf9a7__dup2.npz,512,25.1774959564209,-7.303746223449707
66U2c3YMjOI_0_cc6bece350,rwf_2000,normal,normal,TN,success,0,0,0.7152066826820374,0.7152066826820374,0.28479331731796265,0.28479331731796265,9,data/rwf_2000/features/i3d_kinetics400_16f/val/66U2c3YMjOI_0_cc6bece350.npz,512,-8.576362609863281,2.429760694503784
nVdn1krnTCQ_2_7f808bc92e__dup2,rwf_2000,normal,normal,TN,success,0,0,0.9373321533203125,0.9373321533203125,0.0626678466796875,0.0626678466796875,9,data/rwf_2000/features/i3d_kinetics400_16f/val/nVdn1krnTCQ_2_7f808bc92e__dup2.npz,512,-6.796757698059082,7.371954441070557
GCgD8AkV_0_245527dae4,rwf_2000,normal,normal,TN,success,0,0,2.558543932273949e-10,2.558543932273949e-10,0.9999999997441456,0.9999999997441456,9,data/rwf_2000/features/i3d_kinetics400_16f/val/GCgD8AkV_0_245527dae4.npz,512,22.942811965942383,-7.327555179595947
VGKvz9qZ_0_db3beee356,rwf_2000,normal,normal,TN,success,0,0,5.257850821394072e-10,5.257850821394072e-10,0.9999999994742149,0.9999999994742149,9,data/rwf_2000/features/i3d_kinetics400_16f/val/VGKvz9qZ_0_db3beee356.npz,512,24.326051712036133,-7.396835803985596
nTsOksk7_0_fc58eab555,rwf_2000,normal,normal,TN,success,0,0,3.776732455662568e-07,3.776732455662568e-07,0.9999996223267544,0.9999996223267544,9,data/rwf_2000/features/i3d_kinetics400_16f/val/nTsOksk7_0_fc58eab555.npz,512,22.615205764770508,-10.047809600830078
IMA4zYs83Lo_0_0e373e5ca6,rwf_2000,normal,normal,TN,success,0,0,0.999976634979248,0.999976634979248,2.3365020751953125e-05,2.3365020751953125e-05,9,data/rwf_2000/features/i3d_kinetics400_16f/val/IMA4zYs83Lo_0_0e373e5ca6.npz,512,-6.575270175933838,-6.346142292022705
v1Sb6NhU_0_b4f2241b9c,rwf_2000,normal,normal,TN,success,0,0,5.167613892353984e-08,5.167613892353984e-08,0.9999999483238611,0.9999999483238611,9,data/rwf_2000/features/i3d_kinetics400_16f/val/v1Sb6NhU_0_b4f2241b9c.npz,512,12.40576457977295,-6.028585910797119
fO2vb61DcUk_0_d8ce05d033,rwf_2000,normal,normal,TN,success,0,0,8.463422318527591e-08,8.463422318527591e-08,0.9999999153657768,0.9999999153657768,9,data/rwf_2000/features/i3d_kinetics400_16f/val/fO2vb61DcUk_0_d8ce05d033.npz,512,24.215564727783203,4.604834079742432
wyLoweAn_9Q_0_3652586143,rwf_2000,normal,normal,TN,success,0,0,5.936907854220408e-08,5.936907854220408e-08,0.9999999406309215,0.9999999406309215,9,data/rwf_2000/features/i3d_kinetics400_16f/val/wyLoweAn_9Q_0_3652586143.npz,512,19.465497970581055,-8.743361473083496
JOMXfA1R_0_482223705a,rwf_2000,normal,normal,TN,success,0,0,5.857934137765142e-10,5.857934137765142e-10,0.9999999994142066,0.9999999994142066,9,data/rwf_2000/features/i3d_kinetics400_16f/val/JOMXfA1R_0_482223705a.npz,512,20.100849151611328,-3.6132283210754395
1W8hsVvyKt4_3_f0fbf2463e,rwf_2000,normal,normal,TN,success,0,0,2.9276478016981855e-05,2.9276478016981855e-05,0.999970723521983,0.999970723521983,9,data/rwf_2000/features/i3d_kinetics400_16f/val/1W8hsVvyKt4_3_f0fbf2463e.npz,512,-0.6815601587295532,4.1981072425842285
mwuiYEBdkJs_0_ec97b512c1__dup2,rwf_2000,normal,normal,TN,success,0,0,1.5639792536603636e-06,1.5639792536603636e-06,0.9999984360207463,0.9999984360207463,9,data/rwf_2000/features/i3d_kinetics400_16f/val/mwuiYEBdkJs_0_ec97b512c1__dup2.npz,512,14.705185890197754,2.2398037910461426
tf_X7GtOGyE_0_990878864c__dup2,rwf_2000,normal,normal,TN,success,0,0,0.9995766878128052,0.9995766878128052,0.0004233121871948242,0.0004233121871948242,9,data/rwf_2000/features/i3d_kinetics400_16f/val/tf_X7GtOGyE_0_990878864c__dup2.npz,512,-3.6316258907318115,2.8661141395568848
10uSOcwS_0_f5ea6bc3ed,rwf_2000,normal,normal,TN,success,0,0,2.489776136371802e-07,2.489776136371802e-07,0.9999997510223864,0.9999997510223864,9,data/rwf_2000/features/i3d_kinetics400_16f/val/10uSOcwS_0_f5ea6bc3ed.npz,512,16.716846466064453,-11.062087059020996
6doZoiaG9PM_0_ed45a746e3,rwf_2000,normal,normal,TN,success,0,0,6.622885848628357e-07,6.622885848628357e-07,0.9999993377114151,0.9999993377114151,9,data/rwf_2000/features/i3d_kinetics400_16f/val/6doZoiaG9PM_0_ed45a746e3.npz,512,17.1383056640625,-8.158419609069824
oXeSTCLT_0_483d1cea4a,rwf_2000,normal,normal,TN,success,0,0,0.9991028308868408,0.9991028308868408,0.0008971691131591797,0.0008971691131591797,9,data/rwf_2000/features/i3d_kinetics400_16f/val/oXeSTCLT_0_483d1cea4a.npz,512,-13.38255500793457,12.103429794311523
6doZoiaG9PM_1_7852d01106,rwf_2000,normal,normal,TN,success,0,0,6.046817446758723e-08,6.046817446758723e-08,0.9999999395318255,0.9999999395318255,9,data/rwf_2000/features/i3d_kinetics400_16f/val/6doZoiaG9PM_1_7852d01106.npz,512,13.386348724365234,-6.508269786834717
bW2vHhYbzHM_1_213a3c8d91,rwf_2000,normal,normal,TN,success,0,0,2.5980789075674693e-08,2.5980789075674693e-08,0.9999999740192109,0.9999999740192109,9,data/rwf_2000/features/i3d_kinetics400_16f/val/bW2vHhYbzHM_1_213a3c8d91.npz,512,16.12458610534668,-8.456779479980469
eb4Oant1_0_07d64a84b9,rwf_2000,normal,normal,TN,success,0,0,4.6024166522329324e-07,4.6024166522329324e-07,0.9999995397583348,0.9999995397583348,9,data/rwf_2000/features/i3d_kinetics400_16f/val/eb4Oant1_0_07d64a84b9.npz,512,20.081750869750977,-9.961082458496094
YukOkfIj_0_73a4631efe,rwf_2000,normal,normal,TN,success,0,0,5.625093990602181e-07,5.625093990602181e-07,0.9999994374906009,0.9999994374906009,9,data/rwf_2000/features/i3d_kinetics400_16f/val/YukOkfIj_0_73a4631efe.npz,512,17.859588623046875,-3.2497098445892334
LruY67tu_0_f26586ac95,rwf_2000,normal,normal,TN,success,0,0,6.155467802138048e-10,6.155467802138048e-10,0.9999999993844533,0.9999999993844533,9,data/rwf_2000/features/i3d_kinetics400_16f/val/LruY67tu_0_f26586ac95.npz,512,24.463367462158203,-5.425220489501953
F6kgeh23_0_b93714f18d,rwf_2000,normal,normal,TN,success,0,0,7.467755580581326e-11,7.467755580581326e-11,0.9999999999253224,0.9999999999253224,9,data/rwf_2000/features/i3d_kinetics400_16f/val/F6kgeh23_0_b93714f18d.npz,512,20.53519630432129,-5.3336663246154785
scznszmE_0_dc4103aa62,rwf_2000,normal,normal,TN,success,0,0,8.460001588161958e-10,8.460001588161958e-10,0.9999999991539998,0.9999999991539998,9,data/rwf_2000/features/i3d_kinetics400_16f/val/scznszmE_0_dc4103aa62.npz,512,21.669034957885742,-7.14645528793335
e8jli13nLaM_0_d015287a82,rwf_2000,normal,normal,TN,success,0,0,1.1647975917128406e-09,1.1647975917128406e-09,0.9999999988352024,0.9999999988352024,9,data/rwf_2000/features/i3d_kinetics400_16f/val/e8jli13nLaM_0_d015287a82.npz,512,18.974512100219727,-7.666317939758301
yFaADLZw_0_469bc6d272,rwf_2000,normal,normal,TN,success,0,0,2.5123519662884064e-05,2.5123519662884064e-05,0.9999748764803371,0.9999748764803371,9,data/rwf_2000/features/i3d_kinetics400_16f/val/yFaADLZw_0_469bc6d272.npz,512,13.748819351196289,-10.589920043945312
zMbmPG71_0_61beed955f,rwf_2000,normal,normal,TN,success,0,0,2.335495352667749e-09,2.335495352667749e-09,0.9999999976645046,0.9999999976645046,9,data/rwf_2000/features/i3d_kinetics400_16f/val/zMbmPG71_0_61beed955f.npz,512,18.165639877319336,-8.653280258178711
8SmT9rE9_0_99aadee9a8,rwf_2000,normal,normal,TN,success,0,0,0.9470153450965881,0.9470153450965881,0.052984654903411865,0.052984654903411865,9,data/rwf_2000/features/i3d_kinetics400_16f/val/8SmT9rE9_0_99aadee9a8.npz,512,-15.063970565795898,-4.480621337890625
PL8idmS7_0_6158ff012d,rwf_2000,normal,normal,TN,success,0,0,4.700792999301484e-08,4.700792999301484e-08,0.99999995299207,0.99999995299207,9,data/rwf_2000/features/i3d_kinetics400_16f/val/PL8idmS7_0_6158ff012d.npz,512,23.232097625732422,4.701101303100586
6doZoiaG9PM_3_3f5dab5e7a,rwf_2000,normal,normal,TN,success,0,0,0.018384665250778198,0.018384665250778198,0.9816153347492218,0.9816153347492218,9,data/rwf_2000/features/i3d_kinetics400_16f/val/6doZoiaG9PM_3_3f5dab5e7a.npz,512,-10.786717414855957,8.775156021118164
qyRJeYN5_0_5b303d3a52,rwf_2000,normal,normal,TN,success,0,0,7.39023165580166e-12,7.39023165580166e-12,0.9999999999926098,0.9999999999926098,9,data/rwf_2000/features/i3d_kinetics400_16f/val/qyRJeYN5_0_5b303d3a52.npz,512,21.8079776763916,-5.535053730010986
I-QiUMPTWNE_2_fe7558a437__dup2,rwf_2000,normal,normal,TN,success,0,0,3.944203126593493e-05,3.944203126593493e-05,0.9999605579687341,0.9999605579687341,9,data/rwf_2000/features/i3d_kinetics400_16f/val/I-QiUMPTWNE_2_fe7558a437__dup2.npz,512,-8.702778816223145,11.223154067993164
v4dhdnsxiX4_0_7f0e5aba83__dup2,rwf_2000,normal,normal,TN,success,0,0,3.2332100090570748e-06,3.2332100090570748e-06,0.9999967667899909,0.9999967667899909,9,data/rwf_2000/features/i3d_kinetics400_16f/val/v4dhdnsxiX4_0_7f0e5aba83__dup2.npz,512,14.27410888671875,-0.5378892421722412
gJV3TuKF_0_b04831e390,rwf_2000,normal,normal,TN,success,0,0,1.2257221015943287e-08,1.2257221015943287e-08,0.999999987742779,0.999999987742779,9,data/rwf_2000/features/i3d_kinetics400_16f/val/gJV3TuKF_0_b04831e390.npz,512,19.08726692199707,-9.877744674682617
wyLoweAn_9Q_1_278b256c70,rwf_2000,normal,normal,TN,success,0,0,5.515985776582966e-06,5.515985776582966e-06,0.9999944840142234,0.9999944840142234,9,data/rwf_2000/features/i3d_kinetics400_16f/val/wyLoweAn_9Q_1_278b256c70.npz,512,14.559938430786133,2.892359495162964
vAV3vIGr_0_c2d3af5a3e,rwf_2000,normal,normal,TN,success,0,0,5.571391170633433e-08,5.571391170633433e-08,0.9999999442860883,0.9999999442860883,9,data/rwf_2000/features/i3d_kinetics400_16f/val/vAV3vIGr_0_c2d3af5a3e.npz,512,17.565759658813477,-9.669012069702148
04_0011,shanghaitech,anomaly,normal,FN,failure,1,0,2.2761825757555698e-10,2.2761825757555698e-10,0.9999999997723817,0.9999999997723817,19,data/shanghaitech/features/i3d_kinetics400_16f/test/04_0011.npz,512,17.010927200317383,-3.7799394130706787
03_0059,shanghaitech,anomaly,normal,FN,failure,1,0,4.097871055819269e-07,4.097871055819269e-07,0.9999995902128944,0.9999995902128944,27,data/shanghaitech/features/i3d_kinetics400_16f/test/03_0059.npz,512,20.81692886352539,-0.021761612966656685
05_0019,shanghaitech,anomaly,normal,FN,failure,1,0,2.440626145627789e-09,2.440626145627789e-09,0.9999999975593739,0.9999999975593739,40,data/shanghaitech/features/i3d_kinetics400_16f/test/05_0019.npz,512,20.86326789855957,1.6744600534439087
01_0141,shanghaitech,anomaly,normal,FN,failure,1,0,0.09519930928945541,0.09519930928945541,0.9048006907105446,0.9048006907105446,19,data/shanghaitech/features/i3d_kinetics400_16f/test/01_0141.npz,512,3.005648374557495,6.489101886749268
01_0053,shanghaitech,anomaly,normal,FN,failure,1,0,1.7193433166085015e-07,1.7193433166085015e-07,0.9999998280656683,0.9999998280656683,28,data/shanghaitech/features/i3d_kinetics400_16f/test/01_0053.npz,512,21.720626831054688,0.39681756496429443
07_0006,shanghaitech,anomaly,normal,FN,failure,1,0,1.0332054101169774e-09,1.0332054101169774e-09,0.9999999989667946,0.9999999989667946,24,data/shanghaitech/features/i3d_kinetics400_16f/test/07_0006.npz,512,18.583797454833984,0.04579551890492439
06_0144,shanghaitech,anomaly,normal,FN,failure,1,0,1.0190793764408568e-09,1.0190793764408568e-09,0.9999999989809206,0.9999999989809206,15,data/shanghaitech/features/i3d_kinetics400_16f/test/06_0144.npz,512,22.743762969970703,-3.376997470855713
12_0174,shanghaitech,anomaly,normal,FN,failure,1,0,6.313156063697534e-06,6.313156063697534e-06,0.9999936868439363,0.9999936868439363,21,data/shanghaitech/features/i3d_kinetics400_16f/test/12_0174.npz,512,13.184441566467285,-3.547146797180176
05_0017,shanghaitech,anomaly,normal,FN,failure,1,0,3.843189944063852e-08,3.843189944063852e-08,0.9999999615681006,0.9999999615681006,27,data/shanghaitech/features/i3d_kinetics400_16f/test/05_0017.npz,512,19.476078033447266,0.8693292737007141
08_0058,shanghaitech,anomaly,normal,FN,failure,1,0,1.2257030945761471e-09,1.2257030945761471e-09,0.9999999987742969,0.9999999987742969,21,data/shanghaitech/features/i3d_kinetics400_16f/test/08_0058.npz,512,24.09840965270996,2.731234550476074
06_0153,shanghaitech,anomaly,normal,FN,failure,1,0,3.396350075490773e-05,3.396350075490773e-05,0.9999660364992451,0.9999660364992451,13,data/shanghaitech/features/i3d_kinetics400_16f/test/06_0153.npz,512,12.64863395690918,0.39640432596206665
12_0173,shanghaitech,anomaly,normal,FN,failure,1,0,8.947036000961361e-09,8.947036000961361e-09,0.999999991052964,0.999999991052964,13,data/shanghaitech/features/i3d_kinetics400_16f/test/12_0173.npz,512,14.39803695678711,-4.233138561248779
07_0008,shanghaitech,anomaly,normal,FN,failure,1,0,2.4345075289033957e-08,2.4345075289033957e-08,0.9999999756549247,0.9999999756549247,28,data/shanghaitech/features/i3d_kinetics400_16f/test/07_0008.npz,512,17.805835723876953,1.3998342752456665
05_0023,shanghaitech,anomaly,normal,FN,failure,1,0,0.11027199774980545,0.11027199774980545,0.8897280022501945,0.8897280022501945,48,data/shanghaitech/features/i3d_kinetics400_16f/test/05_0023.npz,512,3.178105592727661,4.5820136070251465
08_0158,shanghaitech,anomaly,normal,FN,failure,1,0,1.2257030945761471e-09,1.2257030945761471e-09,0.9999999987742969,0.9999999987742969,21,data/shanghaitech/features/i3d_kinetics400_16f/test/08_0158.npz,512,23.91673469543457,2.7415151596069336
04_0004,shanghaitech,anomaly,normal,FN,failure,1,0,0.037914007902145386,0.037914007902145386,0.9620859920978546,0.9620859920978546,54,data/shanghaitech/features/i3d_kinetics400_16f/test/04_0004.npz,512,2.620591878890991,2.963310956954956
10_0038,shanghaitech,anomaly,normal,FN,failure,1,0,8.746458490804798e-08,8.746458490804798e-08,0.9999999125354151,0.9999999125354151,15,data/shanghaitech/features/i3d_kinetics400_16f/test/10_0038.npz,512,16.07745361328125,-5.368685245513916
01_0177,shanghaitech,anomaly,normal,FN,failure,1,0,2.2487961715000893e-08,2.2487961715000893e-08,0.9999999775120383,0.9999999775120383,19,data/shanghaitech/features/i3d_kinetics400_16f/test/01_0177.npz,512,15.675006866455078,-7.003326892852783
07_0048,shanghaitech,anomaly,normal,FN,failure,1,0,5.543696612875237e-09,5.543696612875237e-09,0.9999999944563034,0.9999999944563034,15,data/shanghaitech/features/i3d_kinetics400_16f/test/07_0048.npz,512,21.138898849487305,1.1382687091827393
01_0027,shanghaitech,anomaly,normal,FN,failure,1,0,0.31192922592163086,0.31192922592163086,0.6880707740783691,0.6880707740783691,25,data/shanghaitech/features/i3d_kinetics400_16f/test/01_0027.npz,512,-0.5812681317329407,-1.6914350986480713
01_0064,shanghaitech,anomaly,anomaly,TP,success,1,1,0.6646690964698792,0.6646690964698792,0.6646690964698792,0.33533090353012085,18,data/shanghaitech/features/i3d_kinetics400_16f/test/01_0064.npz,512,-2.4472763538360596,-1.0609278678894043
06_026,shanghaitech,normal,normal,TN,success,0,0,0.0015568762319162488,0.0015568762319162488,0.9984431237680838,0.9984431237680838,83,data/shanghaitech/features/i3d_kinetics400_16f/test/06_026.npz,512,-15.701217651367188,11.216415405273438
08_024,shanghaitech,normal,normal,TN,success,0,0,2.3813906864234013e-06,2.3813906864234013e-06,0.9999976186093136,0.9999976186093136,46,data/shanghaitech/features/i3d_kinetics400_16f/test/08_024.npz,512,14.860732078552246,-1.9789597988128662
12_015,shanghaitech,normal,normal,TN,success,0,0,0.05800464376807213,0.05800464376807213,0.9419953562319279,0.9419953562319279,65,data/shanghaitech/features/i3d_kinetics400_16f/test/12_015.npz,512,-2.5947163105010986,8.730716705322266
08_001,shanghaitech,normal,normal,TN,success,0,0,2.4708319301680604e-07,2.4708319301680604e-07,0.999999752916807,0.999999752916807,51,data/shanghaitech/features/i3d_kinetics400_16f/test/08_001.npz,512,24.051401138305664,3.4165432453155518
05_013,shanghaitech,normal,normal,TN,success,0,0,0.2996136248111725,0.2996136248111725,0.7003863751888275,0.7003863751888275,51,data/shanghaitech/features/i3d_kinetics400_16f/test/05_013.npz,512,5.101555824279785,7.767765045166016
01_006,shanghaitech,normal,normal,TN,success,0,0,6.652062012335591e-09,6.652062012335591e-09,0.999999993347938,0.999999993347938,31,data/shanghaitech/features/i3d_kinetics400_16f/test/01_006.npz,512,15.059678077697754,-7.296712875366211
04_005,shanghaitech,normal,normal,TN,success,0,0,0.22637294232845306,0.22637294232845306,0.7736270576715469,0.7736270576715469,61,data/shanghaitech/features/i3d_kinetics400_16f/test/04_005.npz,512,1.3589351177215576,0.7105060815811157
04_016,shanghaitech,normal,normal,TN,success,0,0,4.565687504509697e-06,4.565687504509697e-06,0.9999954343124955,0.9999954343124955,20,data/shanghaitech/features/i3d_kinetics400_16f/test/04_016.npz,512,12.337017059326172,-3.0957252979278564
10_008,shanghaitech,normal,normal,TN,success,0,0,0.0011107625905424356,0.0011107625905424356,0.9988892374094576,0.9988892374094576,76,data/shanghaitech/features/i3d_kinetics400_16f/test/10_008.npz,512,8.425026893615723,-1.8992903232574463
01_055,shanghaitech,normal,normal,TN,success,0,0,6.093010233598761e-05,6.093010233598761e-05,0.999939069897664,0.999939069897664,45,data/shanghaitech/features/i3d_kinetics400_16f/test/01_055.npz,512,6.942726135253906,-1.5508008003234863
01_072,shanghaitech,normal,normal,TN,success,0,0,0.024776821956038475,0.024776821956038475,0.9752231780439615,0.9752231780439615,65,data/shanghaitech/features/i3d_kinetics400_16f/test/01_072.npz,512,3.941695213317871,2.2981455326080322
05_010,shanghaitech,normal,normal,TN,success,0,0,0.01072368212044239,0.01072368212044239,0.9892763178795576,0.9892763178795576,78,data/shanghaitech/features/i3d_kinetics400_16f/test/05_010.npz,512,6.048145294189453,6.584582328796387
09_002,shanghaitech,normal,normal,TN,success,0,0,3.228686484835208e-10,3.228686484835208e-10,0.9999999996771314,0.9999999996771314,52,data/shanghaitech/features/i3d_kinetics400_16f/test/09_002.npz,512,19.578929901123047,-1.8062398433685303
05_021,shanghaitech,normal,normal,TN,success,0,0,5.3684041631640866e-05,5.3684041631640866e-05,0.9999463159583684,0.9999463159583684,66,data/shanghaitech/features/i3d_kinetics400_16f/test/05_021.npz,512,7.114880561828613,6.253929138183594
02_001,shanghaitech,normal,normal,TN,success,0,0,2.0263096089934152e-08,2.0263096089934152e-08,0.9999999797369039,0.9999999797369039,56,data/shanghaitech/features/i3d_kinetics400_16f/test/02_001.npz,512,22.762920379638672,-2.976685047149658
12_011,shanghaitech,normal,normal,TN,success,0,0,0.06950929760932922,0.06950929760932922,0.9304907023906708,0.9304907023906708,103,data/shanghaitech/features/i3d_kinetics400_16f/test/12_011.npz,512,-2.5993871688842773,9.045772552490234
05_057,shanghaitech,normal,normal,TN,success,0,0,5.762926207353303e-07,5.762926207353303e-07,0.9999994237073793,0.9999994237073793,46,data/shanghaitech/features/i3d_kinetics400_16f/test/05_057.npz,512,21.60123062133789,1.961674451828003
05_018,shanghaitech,normal,normal,TN,success,0,0,0.5474566221237183,0.5474566221237183,0.45254337787628174,0.45254337787628174,50,data/shanghaitech/features/i3d_kinetics400_16f/test/05_018.npz,512,5.152974605560303,8.058723449707031
02_012,shanghaitech,normal,normal,TN,success,0,0,6.343059966162912e-10,6.343059966162912e-10,0.9999999993656941,0.9999999993656941,14,data/shanghaitech/features/i3d_kinetics400_16f/test/02_012.npz,512,22.297916412353516,0.8384548425674438
05_048,shanghaitech,normal,normal,TN,success,0,0,1.3583797420224641e-09,1.3583797420224641e-09,0.9999999986416203,0.9999999986416203,46,data/shanghaitech/features/i3d_kinetics400_16f/test/05_048.npz,512,20.333799362182617,-0.7617258429527283
03_002,shanghaitech,normal,normal,TN,success,0,0,1.0928736804416417e-09,1.0928736804416417e-09,0.9999999989071263,0.9999999989071263,25,data/shanghaitech/features/i3d_kinetics400_16f/test/03_002.npz,512,21.00637435913086,-0.556974470615387
06_030,shanghaitech,normal,normal,TN,success,0,0,0.0067075989209115505,0.0067075989209115505,0.9932924010790884,0.9932924010790884,47,data/shanghaitech/features/i3d_kinetics400_16f/test/06_030.npz,512,-15.778966903686523,12.02038860321045
05_065,shanghaitech,normal,normal,TN,success,0,0,1.000755478486326e-08,1.000755478486326e-08,0.9999999899924452,0.9999999899924452,64,data/shanghaitech/features/i3d_kinetics400_16f/test/05_065.npz,512,20.403915405273438,1.126421332359314
08_010,shanghaitech,normal,normal,TN,success,0,0,1.7525362272508005e-09,1.7525362272508005e-09,0.9999999982474638,0.9999999982474638,45,data/shanghaitech/features/i3d_kinetics400_16f/test/08_010.npz,512,18.683433532714844,-1.0944323539733887
05_033,shanghaitech,normal,normal,TN,success,0,0,0.19934411346912384,0.19934411346912384,0.8006558865308762,0.8006558865308762,73,data/shanghaitech/features/i3d_kinetics400_16f/test/05_033.npz,512,5.321077823638916,9.025035858154297
01_071,shanghaitech,normal,normal,TN,success,0,0,8.974709089670796e-06,8.974709089670796e-06,0.9999910252909103,0.9999910252909103,65,data/shanghaitech/features/i3d_kinetics400_16f/test/01_071.npz,512,12.971311569213867,-1.4398515224456787
08_007,shanghaitech,normal,normal,TN,success,0,0,2.2880103145439534e-08,2.2880103145439534e-08,0.9999999771198969,0.9999999771198969,49,data/shanghaitech/features/i3d_kinetics400_16f/test/08_007.npz,512,17.36871910095215,-2.307396650314331
07_008,shanghaitech,normal,normal,TN,success,0,0,1.2314899322518613e-08,1.2314899322518613e-08,0.9999999876851007,0.9999999876851007,18,data/shanghaitech/features/i3d_kinetics400_16f/test/07_008.npz,512,15.515837669372559,-1.4433999061584473
03_005,shanghaitech,normal,normal,TN,success,0,0,2.1958630747054286e-10,2.1958630747054286e-10,0.9999999997804137,0.9999999997804137,26,data/shanghaitech/features/i3d_kinetics400_16f/test/03_005.npz,512,20.306358337402344,-2.172954797744751
11_005,shanghaitech,normal,normal,TN,success,0,0,1.017234962930047e-09,1.017234962930047e-09,0.999999998982765,0.999999998982765,68,data/shanghaitech/features/i3d_kinetics400_16f/test/11_005.npz,512,16.98213005065918,0.4008108377456665
05_038,shanghaitech,normal,normal,TN,success,0,0,4.070621798746288e-05,4.070621798746288e-05,0.9999592937820125,0.9999592937820125,30,data/shanghaitech/features/i3d_kinetics400_16f/test/05_038.npz,512,6.492506980895996,5.2927703857421875
01_045,shanghaitech,normal,normal,TN,success,0,0,0.19727368652820587,0.19727368652820587,0.8027263134717941,0.8027263134717941,37,data/shanghaitech/features/i3d_kinetics400_16f/test/01_045.npz,512,3.1613991260528564,5.68162727355957
12_008,shanghaitech,normal,normal,TN,success,0,0,8.462093319394626e-07,8.462093319394626e-07,0.9999991537906681,0.9999991537906681,45,data/shanghaitech/features/i3d_kinetics400_16f/test/12_008.npz,512,15.306170463562012,-4.756209373474121
01_080,shanghaitech,normal,normal,TN,success,0,0,0.00010014277359005064,0.00010014277359005064,0.99989985722641,0.99989985722641,49,data/shanghaitech/features/i3d_kinetics400_16f/test/01_080.npz,512,7.605551242828369,-1.000710129737854
04_017,shanghaitech,normal,normal,TN,success,0,0,2.335646200890551e-07,2.335646200890551e-07,0.9999997664353799,0.9999997664353799,31,data/shanghaitech/features/i3d_kinetics400_16f/test/04_017.npz,512,15.412237167358398,-3.219693422317505
05_062,shanghaitech,normal,normal,TN,success,0,0,1.3772845974813208e-08,1.3772845974813208e-08,0.999999986227154,0.999999986227154,66,data/shanghaitech/features/i3d_kinetics400_16f/test/05_062.npz,512,22.703147888183594,2.5740737915039062
05_025,shanghaitech,normal,normal,TN,success,0,0,0.3045181632041931,0.3045181632041931,0.6954818367958069,0.6954818367958069,45,data/shanghaitech/features/i3d_kinetics400_16f/test/05_025.npz,512,5.3786749839782715,8.110122680664062
04_002,shanghaitech,normal,normal,TN,success,0,0,0.1239250972867012,0.1239250972867012,0.8760749027132988,0.8760749027132988,57,data/shanghaitech/features/i3d_kinetics400_16f/test/04_002.npz,512,1.620250940322876,4.694057941436768
08_048,shanghaitech,normal,normal,TN,success,0,0,3.0409224027749815e-09,3.0409224027749815e-09,0.9999999969590776,0.9999999969590776,49,data/shanghaitech/features/i3d_kinetics400_16f/test/08_048.npz,512,16.070777893066406,-3.365614891052246
12_012,shanghaitech,normal,normal,TN,success,0,0,8.148319352585531e-07,8.148319352585531e-07,0.9999991851680647,0.9999991851680647,39,data/shanghaitech/features/i3d_kinetics400_16f/test/12_012.npz,512,14.707557678222656,-3.56650447845459
05_049,shanghaitech,normal,normal,TN,success,0,0,1.710183710201818e-06,1.710183710201818e-06,0.9999982898162898,0.9999982898162898,46,data/shanghaitech/features/i3d_kinetics400_16f/test/05_049.npz,512,19.353946685791016,0.057797640562057495
05_023,shanghaitech,normal,normal,TN,success,0,0,9.345040439256991e-07,9.345040439256991e-07,0.9999990654959561,0.9999990654959561,45,data/shanghaitech/features/i3d_kinetics400_16f/test/05_023.npz,512,19.566017150878906,1.5515789985656738
08_006,shanghaitech,normal,normal,TN,success,0,0,1.4537922865542896e-08,1.4537922865542896e-08,0.9999999854620771,0.9999999854620771,49,data/shanghaitech/features/i3d_kinetics400_16f/test/08_006.npz,512,16.354265213012695,-2.70381760597229
01_053,shanghaitech,normal,normal,TN,success,0,0,0.03460894897580147,0.03460894897580147,0.9653910510241985,0.9653910510241985,69,data/shanghaitech/features/i3d_kinetics400_16f/test/01_053.npz,512,5.351019382476807,-2.1368138790130615
11_003,shanghaitech,normal,normal,TN,success,0,0,2.1955910700643955e-10,2.1955910700643955e-10,0.9999999997804409,0.9999999997804409,42,data/shanghaitech/features/i3d_kinetics400_16f/test/11_003.npz,512,18.496257781982422,1.7211717367172241
01_059,shanghaitech,normal,normal,TN,success,0,0,2.610573233141622e-07,2.610573233141622e-07,0.9999997389426767,0.9999997389426767,45,data/shanghaitech/features/i3d_kinetics400_16f/test/01_059.npz,512,18.25063705444336,0.403987854719162
01_057,shanghaitech,normal,normal,TN,success,0,0,0.2452486753463745,0.2452486753463745,0.7547513246536255,0.7547513246536255,45,data/shanghaitech/features/i3d_kinetics400_16f/test/01_057.npz,512,2.3719708919525146,1.787918210029602
05_044,shanghaitech,normal,normal,TN,success,0,0,0.16275469958782196,0.16275469958782196,0.837245300412178,0.837245300412178,48,data/shanghaitech/features/i3d_kinetics400_16f/test/05_044.npz,512,6.4481635093688965,8.578673362731934
01_075,shanghaitech,normal,normal,TN,success,0,0,4.97539404022973e-05,4.97539404022973e-05,0.9999502460595977,0.9999502460595977,35,data/shanghaitech/features/i3d_kinetics400_16f/test/01_075.npz,512,7.659778594970703,-1.3672674894332886
08_037,shanghaitech,normal,normal,TN,success,0,0,1.8582032623726263e-07,1.8582032623726263e-07,0.9999998141796738,0.9999998141796738,69,data/shanghaitech/features/i3d_kinetics400_16f/test/08_037.npz,512,17.35141944885254,-1.7615985870361328
01_018,shanghaitech,normal,normal,TN,success,0,0,4.49729711249347e-08,4.49729711249347e-08,0.9999999550270289,0.9999999550270289,52,data/shanghaitech/features/i3d_kinetics400_16f/test/01_018.npz,512,14.758383750915527,-6.3543572425842285
01_004,shanghaitech,normal,normal,TN,success,0,0,6.005122486385517e-05,6.005122486385517e-05,0.9999399487751361,0.9999399487751361,48,data/shanghaitech/features/i3d_kinetics400_16f/test/01_004.npz,512,5.339277744293213,5.24753999710083
08_028,shanghaitech,normal,normal,TN,success,0,0,4.6831170038785785e-05,4.6831170038785785e-05,0.9999531688299612,0.9999531688299612,67,data/shanghaitech/features/i3d_kinetics400_16f/test/08_028.npz,512,12.500974655151367,-0.4660939574241638
06_022,shanghaitech,normal,normal,TN,success,0,0,0.04511289671063423,0.04511289671063423,0.9548871032893658,0.9548871032893658,45,data/shanghaitech/features/i3d_kinetics400_16f/test/06_022.npz,512,-15.369680404663086,11.315089225769043
05_004,shanghaitech,normal,normal,TN,success,0,0,0.030764665454626083,0.030764665454626083,0.9692353345453739,0.9692353345453739,37,data/shanghaitech/features/i3d_kinetics400_16f/test/05_004.npz,512,7.01547908782959,7.940865516662598
01_012,shanghaitech,normal,normal,TN,success,0,0,0.03204943239688873,0.03204943239688873,0.9679505676031113,0.9679505676031113,46,data/shanghaitech/features/i3d_kinetics400_16f/test/01_012.npz,512,4.428416728973389,2.124321699142456
10_004,shanghaitech,normal,normal,TN,success,0,0,1.2998452092460866e-08,1.2998452092460866e-08,0.9999999870015479,0.9999999870015479,114,data/shanghaitech/features/i3d_kinetics400_16f/test/10_004.npz,512,16.45305824279785,-4.796743392944336
11_004,shanghaitech,normal,normal,TN,success,0,0,1.3510994545384847e-09,1.3510994545384847e-09,0.9999999986489005,0.9999999986489005,15,data/shanghaitech/features/i3d_kinetics400_16f/test/11_004.npz,512,16.653352737426758,0.14349676668643951
05_064,shanghaitech,normal,normal,TN,success,0,0,0.00016760440485086292,0.00016760440485086292,0.9998323955951491,0.9998323955951491,30,data/shanghaitech/features/i3d_kinetics400_16f/test/05_064.npz,512,6.247273921966553,5.192011833190918
